x,muTest,p3sigmaTest,m3sigmaTest,muPEM,p3sigmaPEM,m3sigmaPEM,muModel,p3sigmaModel,m3sigmaModel
0.0,0.0,3.0,-3.0,0.0,3.839511674540371,-3.839511674540371,-0.09697329,2.2143824,-2.4083288
1.0,-0.88956743,2.1104326,-3.8895674,0.0,3.839511674540371,-3.839511674540371,-0.6079618,2.3522573,-3.5681806
2.0,-0.44167915,2.5583208,-3.4416792,-0.8310524533235503,3.0084592212168206,-4.670564127863921,-1.7822647,2.038571,-5.6031003
3.0,-2.2502317,0.74976826,-5.2502317,-1.9548635805925794,1.8846480939477916,-5.79437525513295,-2.943871,1.2297287,-7.1174707
4.0,-4.3823805,-1.3823805,-7.3823805,-2.918349478116048,0.9211621964243228,-6.757861152656419,-3.6542313,0.7365415,-8.045004
5.0,-4.1729903,-1.1729903,-7.1729903,-3.3659605306780294,0.47355114386234165,-7.205472205218401,-3.8598275,0.611187,-8.330842
6.0,-4.4958205,-1.4958205,-7.4958205,-3.2051815123645806,0.6343301621757904,-7.044693186904952,-3.6691396,0.7612045,-8.0994835
7.0,-3.1443086,-0.14430857,-6.1443086,-2.5706649627083147,1.2688467118320563,-6.410176637248686,-2.7965302,1.4879413,-7.0810018
8.0,-2.803202,0.19679809,-5.8032017,-1.7767958379867426,2.0627158365536284,-5.616307512527113,-2.0510654,2.0136433,-6.115774
9.0,-1.209488,1.790512,-4.209488,-1.1657633721118326,2.6737483024285384,-5.005275046652203,-1.6061984,2.381123,-5.5935197
10.0,-0.9821213,2.0178788,-3.9821212,-0.9762868788638623,2.8632247956765084,-4.815798553404234,-1.5647361,2.3478377,-5.47731
11.0,-0.8735051,2.126495,-3.873505,-1.2407318375279577,2.5987798370124136,-5.0802435120683285,-1.8926506,2.2195482,-6.0048494
12.0,-1.0858275,1.9141725,-4.0858274,-1.7753282156045307,2.0641834589358403,-5.614839890144902,-2.557024,1.5785723,-6.6926203
13.0,-0.6515674,2.3484325,-3.6515675,-2.250789737200675,1.5887219373396961,-6.090301411741046,-3.108888,1.1711166,-7.388892
14.0,0.39628863,3.3962886,-2.6037114,-2.325674141271223,1.513837533269148,-6.1651858158115935,-3.119999,1.1608338,-7.4008317
15.0,1.0589579,4.058958,-1.9410421,-1.7848205212999535,2.0546911532404177,-5.624332195840324,-2.2915304,1.9781783,-6.5612392
16.0,1.2485446,4.2485447,-1.7514554,-0.6330108102780273,3.2065008642623436,-4.472522484818398,-1.1668286,2.931316,-5.264973
17.0,1.4919018,4.491902,-1.5080982,0.8950436160214732,4.734555290561844,-2.944468058518898,0.54352,4.637748,-3.5507078
18.0,3.025071,6.025071,0.025070906,2.4116154538876833,6.251127128428054,-1.4278962206526877,2.463547,6.614274,-1.6871803
19.0,5.1884804,8.18848,2.1884804,3.512123432990169,7.35163510753054,-0.3273882415502021,3.3837025,7.584976,-0.8175709
20.0,5.285266,8.285266,2.285266,3.9187818971420065,7.758293571682378,0.07927022260163552,3.5793786,7.834869,-0.6761117
21.0,3.5635426,6.5635424,0.5635426,3.5779104587095727,7.417422133249944,-0.2616012158307983,3.1324718,7.315215,-1.0502713
22.0,2.1250286,5.1250286,-0.8749714,2.674099305151367,6.513610979691737,-1.1654123693890042,2.1717181,6.245434,-1.9019976
23.0,0.3680293,3.3680294,-2.6319706,1.5563564201741036,5.395868094714475,-2.2831552543662674,1.0749704,5.1620936,-3.0121531
24.0,0.077724285,3.0777242,-2.9222758,0.6045855320991546,4.444097206639525,-3.2349261424412163,0.33584297,4.5113826,-3.8396964
25.0,0.46214706,3.462147,-2.537853,0.08746293599958482,3.926974610539956,-3.752048738540786,-0.038081262,4.1173396,-4.193502
26.0,0.31934154,3.3193417,-2.6806583,0.06578569097899992,3.905297365519371,-3.7737259835613712,0.03423154,4.151132,-4.082669
27.0,1.063445,4.063445,-1.936555,0.37785436303379616,4.217366037574167,-3.461657311506575,0.31467786,4.3587995,-3.7294438
28.0,-0.019906865,2.9800932,-3.0199068,0.7119232846867704,4.551434959227142,-3.1275883898536008,0.556323,4.5474153,-3.4347692
29.0,0.34425616,3.3442562,-2.6557438,0.737381501563076,4.576893176103447,-3.102130172977295,0.496928,4.3900127,-3.3961565
30.0,-0.46128184,2.5387182,-3.4612818,0.24379361729438867,4.08330529183476,-3.5957180572459824,-0.022494188,3.9017646,-3.9467528
31.0,-0.8627868,2.1372132,-3.8627868,-0.7661067011960321,3.073404973344339,-4.6056183757364035,-1.0558232,2.98868,-5.1003265
32.0,-0.4717086,2.5282915,-3.4717085,-2.065784937819184,1.773726736721187,-5.905296612359555,-2.3946168,1.8111231,-6.600357
33.0,-1.7501334,1.2498666,-4.7501335,-3.2814291043753783,0.5580825701649927,-7.120940778915749,-3.4260294,0.98132396,-7.8333826
34.0,-1.722486,1.277514,-4.722486,-4.027027682514988,-0.18751600797461698,-7.866539357055359,-3.8963003,0.6214304,-8.414031
35.0,-2.4547007,0.5452993,-5.4547005,-4.0468909962316255,-0.2073793216912545,-7.8864026707719965,-3.9012272,0.6440995,-8.446554
36.0,-4.056291,-1.0562911,-7.056291,-3.311486936924703,0.5280247376156679,-7.150998611465074,-2.9476357,1.5083265,-7.403598
37.0,-1.7990876,1.2009124,-4.7990875,-2.030100016968385,1.809411657571986,-5.869611691508756,-1.8944091,2.1544318,-5.94325
38.0,-0.7296715,2.2703285,-3.7296715,-0.5753912389581495,3.2641204355822215,-4.414902913498521,-0.57269365,3.5159175,-4.661305
39.0,-0.051054318,2.9489458,-3.0510542,0.6516077080484436,4.491119382588814,-3.1879039664919273,0.7489876,4.848253,-3.3502774
40.0,0.5079067,3.5079067,-2.4920933,1.3649597065526715,5.204471381093042,-2.4745519679876997,1.5400013,5.6658964,-2.5858936
41.0,1.2083645,4.2083645,-1.7916355,1.491558884027456,5.331070558567827,-2.347952790512915,1.4099311,5.545924,-2.7260618
42.0,1.6091746,4.6091747,-1.3908254,1.1865271917576192,5.0260388662979905,-2.6529844827827516,0.86506134,4.9789414,-3.2488189
43.0,0.19608514,3.1960852,-2.8039148,0.7611779022796542,4.6006895768200256,-3.078333772260717,0.3581861,4.4894447,-3.7730725
44.0,-0.3237231,2.676277,-3.323723,0.5518644505458532,4.391376125086224,-3.287647223994518,0.10826475,4.128459,-3.9119294
45.0,-0.04014994,2.95985,-3.04015,0.7805790629509965,4.620090737491368,-3.0589326115893742,0.18249054,4.2271657,-3.8621848
46.0,0.6508421,3.6508422,-2.3491578,1.4612342713308273,5.300745945871198,-2.3782774032095437,1.0277997,5.097795,-3.0421958
47.0,1.0537872,4.053787,-1.9462128,2.3879853580070862,6.227497032547458,-1.4515263165332848,2.3643074,6.459014,-1.7303991
48.0,1.6050042,4.6050043,-1.3949958,3.2104542525941615,7.049965927134533,-0.6290574219462095,3.304205,7.4761,-0.8676901
49.0,1.5759705,4.5759706,-1.4240295,3.5673349412244524,7.406846615764824,-0.27217673331591863,3.5006564,7.71154,-0.71022725
50.0,1.705666,4.705666,-1.294334,3.2273631017912563,7.066874776331627,-0.6121485727491147,3.1721177,7.3318567,-0.9876213
51.0,0.5849401,3.58494,-2.41506,2.18361691685109,6.023128591391461,-1.655894757689281,1.8562945,6.005141,-2.2925515
52.0,-0.4799128,2.5200872,-3.4799128,0.6647554057453734,4.504267080285745,-3.1747562687949977,0.5311781,4.7501717,-3.6878157
53.0,-0.8722666,2.1277335,-3.8722665,-0.9416387987250999,2.897872875815271,-4.781150473265471,-0.88505536,3.280441,-5.050552
54.0,-1.2838287,1.7161713,-4.2838287,-2.2250029284051798,1.6145087461351912,-6.06451460294555,-2.0766315,2.182135,-6.335398
55.0,-0.70488626,2.2951138,-3.7048862,-2.895858116762686,0.9436535577776852,-6.735369791303057,-2.7118275,1.6100414,-7.033696
56.0,-1.0419159,1.9580841,-4.041916,-2.883768673033865,0.955743001506506,-6.723280347574236,-2.5223534,1.799681,-6.844388
57.0,-0.9024093,2.0975907,-3.9024093,-2.3525707640173126,1.4869409105230584,-6.192082438557684,-1.9196259,2.309834,-6.1490855
58.0,0.90994686,3.909947,-2.090053,-1.6277885181739449,2.211723156366426,-5.467300192714315,-1.3442938,2.7154768,-5.404064
59.0,0.24260293,3.2426028,-2.7573972,-1.064589828574218,2.774921845966153,-4.904101503114589,-0.9883415,3.0174215,-4.9941044
60.0,-0.021464944,2.9785352,-3.0214648,-0.907202809716652,2.932308864823719,-4.746714484257023,-0.9973936,2.9949274,-4.9897146
61.0,-1.1148924,1.8851076,-4.1148925,-1.19380015075648,2.6457115237838913,-5.033311825296851,-1.4073178,2.6456957,-5.460331
62.0,-1.2724137,1.7275863,-4.2724137,-1.7432972863137923,2.0962143882265787,-5.582808960854163,-2.0775478,2.0946233,-6.2497187
63.0,-2.435698,0.56430197,-5.435698,-2.2290203632316357,1.6104913113087354,-6.068532037772007,-2.705636,1.5154934,-6.9267654
64.0,-2.862706,0.13729405,-5.862706,-2.3108223546570588,1.5286893198833122,-6.150334029197429,-2.6596212,1.6769023,-6.996145
65.0,-3.0488796,-0.048879623,-6.0488796,-1.7747231167625424,2.0647885577778284,-5.614234791302914,-1.9896121,2.1860356,-6.16526
66.0,-1.6496161,1.3503839,-4.6496162,-0.626124251157404,3.213387423382967,-4.465635925697775,-0.91993237,3.1102748,-4.9501395
67.0,0.44953308,3.449533,-2.550467,0.8997270074560076,4.739238681996379,-2.9397846670843633,0.65583456,4.744251,-3.4325814
68.0,1.9884981,4.988498,-1.0115019,2.414808739129827,6.254320413670198,-1.424702935410544,2.5004792,6.619513,-1.6185546
69.0,2.6429005,5.6429005,-0.35709953,3.514295635854331,7.353807310394702,-0.3252160386860399,3.407817,7.6142325,-0.79859877
70.0,3.8840735,6.8840733,0.8840735,3.9202626510714476,7.759774325611819,0.08075097653107655,3.630717,7.89845,-0.63701606
71.0,2.5114033,5.511403,-0.48859668,3.5789179271504525,7.418429601690823,-0.2605937473899185,3.2139773,7.422546,-0.99459124
72.0,1.7173253,4.717325,-1.2826747,2.6747859561980865,6.514297630738458,-1.1647257183422846,2.2607477,6.3459234,-1.8244283
73.0,1.063946,4.063946,-1.936054,1.5568236765556116,5.396335351095983,-2.2826879979847594,1.2323242,5.261973,-2.7973247
74.0,1.9113387,4.911339,-1.0886613,0.6049039488206129,4.4444156233609835,-3.234607725719758,0.45023793,4.5020146,-3.601539
75.0,1.0827506,4.0827503,-1.9172494,0.08767964305493378,3.927191317595305,-3.751832031485437,0.0066252705,4.0297117,-4.0164614
76.0,0.42648852,3.4264884,-2.5735116,0.0659333503661592,3.90544502490653,-3.773578324174212,-0.00078267674,3.9392564,-3.940822
77.0,1.095021,4.0950212,-1.904979,0.37795486763499325,4.217466542175364,-3.461556806905378,0.32037777,4.2881107,-3.6473553
78.0,1.1750932,4.175093,-1.8249068,0.7119917594766969,4.551503434017068,-3.127519915063674,0.59595037,4.5209694,-3.329069
79.0,1.3833191,4.383319,-1.6166809,0.7374281132475788,4.57693978778795,-3.102083561292792,0.4932351,4.4801097,-3.4936395
80.0,1.2666128,4.266613,-1.7333872,0.24382537170198165,4.083337046242352,-3.595686302838389,-0.03621878,3.9578025,-4.03024
81.0,0.2847081,3.284708,-2.715292,-0.7660850839517015,3.0734265905886695,-4.605596758492073,-1.0687991,3.0552092,-5.192807
82.0,-1.9992367,1.0007633,-4.9992366,-2.0657702119706323,1.7737414625697387,-5.905281886511004,-2.451087,1.7869601,-6.689134
83.0,-3.8955183,-0.8955183,-6.8955183,-3.2814190789424673,0.5580925955979037,-7.120930753482838,-3.4887419,0.9651308,-7.9426146
84.0,-4.6512995,-1.6512995,-7.6512995,-4.027020853483471,-0.18750917894309982,-7.866532528023842,-3.8892672,0.6463783,-8.424912
85.0,-3.4718733,-0.47187328,-6.4718733,-4.046886346758993,-0.20737467221862182,-7.886398021299364,-3.8595047,0.69837904,-8.417389
86.0,-2.3823938,0.61760616,-5.382394,-3.3114837699839614,0.5280279045564096,-7.150995444524332,-3.1466262,1.1531246,-7.446377
87.0,0.62776315,3.6277633,-2.3722367,-2.030097860701999,1.809413813838372,-5.86960953524237,-1.9557921,2.1175027,-6.0290866
88.0,1.1443375,4.1443377,-1.8556625,-0.5753897702942218,3.2641219042461493,-4.414901444834593,-0.6208462,3.4622698,-4.7039623
89.0,1.2550017,4.2550015,-1.7449983,0.6516087080475553,4.491120382587926,-3.187902966492816,0.6702179,4.7853627,-3.4449267
90.0,2.0591805,5.0591803,-0.9408195,1.3649603876454768,5.204472062185848,-2.4745512868948945,1.42556,5.5677414,-2.7166214
91.0,2.1693678,5.169368,-0.8306322,1.4915593477898939,5.331071022330265,-2.347952326750477,1.3340703,5.45458,-2.7864394
92.0,1.7988251,4.7988253,-1.2011749,1.1865275076151862,5.026039182155557,-2.652984166925185,0.8289004,4.9209995,-3.2631989
93.0,-0.028350208,2.97165,-3.02835,0.7611781173549369,4.600689791895308,-3.078333557185434,0.33060035,4.3911777,-3.7299771
94.0,-0.42225683,2.577743,-3.422257,0.551864597025474,4.391376271565845,-3.287647077514897,0.043368436,4.0959535,-4.009217
95.0,0.7011075,3.7011075,-2.2988925,0.7805791626944941,4.620090837234865,-3.058932511845877,0.24983366,4.245097,-3.7454298
96.0,2.709009,5.709009,-0.29099107,1.461234339261183,5.300746013801554,-2.378277335279188,1.0978777,5.157793,-2.9620378
97.0,3.3531294,6.3531294,0.3531294,2.387985404264142,6.227497078804513,-1.4515262702762288,2.3834343,6.4963193,-1.7294507
98.0,3.01302,6.01302,0.013020039,3.2104542840971098,7.049965958637481,-0.6290573904432613,3.287902,7.479439,-0.9036348
99.0,4.5739136,7.5739136,1.5739136,3.567334962676602,7.406846637216973,-0.2721767118637688,3.5661511,7.802465,-0.6701627
100.0,4.8722258,7.8722258,1.8722258,3.22736311640088,7.066874790941251,-0.612148558139491,3.2034366,7.382613,-0.9757402
101.0,2.8687193,5.868719,-0.13128066,2.1836169267997194,6.02312860134009,-1.6558947477406516,1.8971485,6.0151486,-2.2208514
102.0,0.2956776,3.2956777,-2.7043223,0.6647554125206553,4.504267087061026,-3.1747562620197156,0.60329336,4.7168503,-3.5102634
103.0,-1.5044919,1.4955081,-4.504492,-0.9416387941113373,2.8978728804290337,-4.781150468651708,-0.7515662,3.4092658,-4.9123983
104.0,-2.0746725,0.92532754,-5.0746727,-2.225002925263109,1.6145087492772618,-6.064514599803481,-1.9500669,2.286497,-6.186631
105.0,-2.0190518,0.9809482,-5.0190516,-2.8958581146230156,0.9436535599173554,-6.735369789163387,-2.5616724,1.7919843,-6.915329
106.0,-0.89663506,2.103365,-3.896635,-2.883768671576713,0.9557430029636582,-6.723280346117084,-2.4008396,1.9296396,-6.7313185
107.0,-1.8177409,1.1822591,-4.817741,-2.352570763025023,1.4869409115153478,-6.192082437565395,-1.7784033,2.4215822,-5.978389
108.0,-2.2019734,0.79802656,-5.2019734,-1.6277885174981823,2.2117231570421887,-5.467300192038554,-1.2168453,2.8799908,-5.3136816
109.0,-1.0028208,1.9971792,-4.002821,-1.064589828114036,2.774921846426335,-4.904101502654407,-0.8620592,3.1129496,-4.837068
110.0,-1.02072,1.97928,-4.02072,-0.9072028094032633,2.9323088651371076,-4.746714483943634,-0.9124005,3.0617788,-4.8865795
111.0,-1.2340754,1.7659246,-4.2340755,-1.1938001505430669,2.645711523997304,-5.033311825083437,-1.3069237,2.8598843,-5.473732
112.0,-2.6612523,0.33874774,-5.661252,-1.7432972861684566,2.0962143883719144,-5.582808960708828,-1.9560467,2.2832766,-6.1953697
113.0,-2.3684452,0.63155484,-5.3684454,-2.2290203631326637,1.6104913114077073,-6.068532037673035,-2.471389,1.8853595,-6.8281374
114.0,-2.5259752,0.47402477,-5.525975,-2.310822354589658,1.528689319950713,-6.150334029130029,-2.4360693,1.9022114,-6.77435
115.0,-1.410718,1.589282,-4.410718,-1.7747231167166435,2.0647885578237277,-5.614234791257014,-1.8555844,2.367893,-6.0790615
116.0,-0.45657393,2.543426,-3.456574,-0.6261242511261466,3.2133874234142246,-4.4656359256665175,-0.8088212,3.3429308,-4.960573
117.0,0.4563713,3.4563713,-2.5436287,0.8997270074772936,4.739238682017665,-2.939784667063077,0.73934233,4.8758917,-3.3972073
118.0,1.5370433,4.5370436,-1.4629567,2.414808739144323,6.2543204136846935,-1.424702935396048,2.367343,6.499929,-1.765243
119.0,2.7031934,5.7031937,-0.29680657,3.514295635864203,7.353807310404574,-0.3252160386761682,3.444269,7.6627865,-0.77424836
120.0,4.3998027,7.3998027,1.3998027,3.9202626510781697,7.75977432561854,0.08075097653779872,3.6812565,7.9548883,-0.5923755
121.0,3.9502578,6.950258,0.9502578,3.57891792715503,7.418429601695401,-0.2605937473853408,3.338787,7.5481677,-0.87059355
122.0,3.3733118,6.373312,0.37331176,2.6747859562012044,6.514297630741575,-1.1647257183391666,2.3678424,6.4610863,-1.7254012
123.0,2.0263152,5.026315,-0.9736848,1.5568236765577352,5.396335351098106,-2.2826879979826358,1.1084237,5.2724605,-3.055613
124.0,0.57435316,3.5743532,-2.4256468,0.6049039488220592,4.44441562336243,-3.2346077257183117,0.4100818,4.535463,-3.7152991
125.0,1.2811232,4.281123,-1.7188768,0.08767964305591867,3.92719131759629,-3.751832031484452,0.10929508,4.180356,-3.961766
126.0,0.30905095,3.309051,-2.690949,0.06593335036682565,3.9054450249071966,-3.7735783241735454,0.092990205,4.072973,-3.8869922
127.0,0.13531971,3.1353197,-2.8646803,0.3779548676354473,4.217466542175818,-3.4615568069049236,0.3442754,4.266995,-3.578444
128.0,-0.16212012,2.83788,-3.16212,0.7119917594770059,4.551503434017377,-3.127519915063365,0.60211635,4.55542,-3.351187
129.0,1.0546844,4.0546846,-1.9453156,0.7374281132477893,4.57693978778816,-3.1020835612925817,0.5695901,4.5155606,-3.3763804
130.0,-0.18920474,2.8107953,-3.1892047,0.2438253717021251,4.083337046242496,-3.5956863028382458,0.058220282,4.062762,-3.946321
131.0,-1.4159305,1.5840695,-4.4159307,-0.7660850839516038,3.073426590588767,-4.605596758491975,-1.0002694,3.0503983,-5.050937
132.0,-3.478006,-0.4780059,-6.478006,-2.065770211970566,1.773741462569805,-5.905281886510937,-2.410091,1.8429351,-6.663117
133.0,-3.5736775,-0.57367754,-6.5736775,-3.281419078942423,0.5580925955979481,-7.120930753482794,-3.5000496,0.9438257,-7.943925
134.0,-3.684689,-0.68468904,-6.684689,-4.027020853483441,-0.18750917894306962,-7.866532528023812,-3.8986902,0.63891935,-8.4363
135.0,-4.3405437,-1.3405437,-7.3405437,-4.046886346758972,-0.2073746722186014,-7.886398021299343,-3.878675,0.68230486,-8.439655
136.0,-4.565827,-1.5658269,-7.565827,-3.3114837699839472,0.5280279045564238,-7.150995444524318,-3.0820365,1.3535094,-7.5175824
137.0,-2.8744762,0.1255238,-5.8744764,-2.0300978607019897,1.8094138138383813,-5.869609535242361,-1.8824563,2.2424045,-6.007317
138.0,-1.1388471,1.8611529,-4.1388474,-0.5753897702942153,3.2641219042461556,-4.4149014448345865,-0.6026436,3.4797263,-4.6850133
139.0,0.56025416,3.560254,-2.439746,0.6516087080475598,4.491120382587931,-3.1879029664928114,0.6090604,4.739229,-3.5211086
140.0,0.8713307,3.8713307,-2.1286693,1.3649603876454799,5.204472062185851,-2.474551286894891,1.4809904,5.6254406,-2.6634598
141.0,1.2083759,4.208376,-1.7916241,1.491559347789896,5.331071022330267,-2.347952326750475,1.285333,5.463759,-2.8930926
142.0,0.26669657,3.2666965,-2.7333035,1.1865275076151875,5.026039182155559,-2.6529841669251835,0.8167345,4.897293,-3.2638242
143.0,0.5296411,3.5296412,-2.4703588,0.7611781173549379,4.600689791895309,-3.078333557185433,0.32848114,4.4129186,-3.7559562
144.0,0.69063187,3.6906319,-2.3093681,0.5518645970254746,4.3913762715658455,-3.2876470775148965,0.042828426,4.0635805,-3.9779236
145.0,0.8712405,3.8712406,-2.1287594,0.7805791626944945,4.620090837234866,-3.0589325118458763,0.21208443,4.2133155,-3.7891467
146.0,2.167203,5.167203,-0.83279705,1.4612343392611833,5.300746013801554,-2.3782773352791877,1.0654649,5.1314726,-3.0005426
147.0,2.6361268,5.6361265,-0.36387324,2.3879854042641426,6.227497078804514,-1.4515262702762284,2.4102836,6.528802,-1.7082348
148.0,2.2806616,5.2806616,-0.7193384,3.21045428409711,7.049965958637481,-0.6290573904432608,3.343333,7.5235643,-0.8368981
149.0,3.1234112,6.123411,0.12341118,3.567334962676602,7.406846637216973,-0.2721767118637688,3.5799518,7.8071523,-0.64724874
150.0,3.6893632,6.6893635,0.68936324,3.22736311640088,7.066874790941251,-0.612148558139491,3.155377,7.3091426,-0.99838877
151.0,2.2720582,5.2720585,-0.72794175,2.1836169267997283,6.023128601340099,-1.6558947477406427,1.9245975,6.055915,-2.20672
152.0,2.0900722,5.090072,-0.90992785,0.664755412520661,4.504267087061032,-3.1747562620197103,0.6199792,4.812923,-3.5729644
153.0,0.6478382,3.647838,-2.352162,-0.9416387941113333,2.8978728804290377,-4.781150468651704,-0.65748453,3.5196834,-4.8346524
154.0,-0.59719616,2.402804,-3.597196,-2.2250029252631065,1.6145087492772645,-6.064514599803477,-1.8709234,2.3753119,-6.117159
155.0,-1.8780855,1.1219145,-4.8780856,-2.8958581146230133,0.9436535599173577,-6.735369789163384,-2.4789124,1.877975,-6.8357997
156.0,-3.046913,-0.04691291,-6.046913,-2.8837686715767115,0.9557430029636595,-6.7232803461170825,-2.4078238,1.8852932,-6.700941
157.0,-2.4051902,0.5948098,-5.4051905,-2.3525707630250223,1.4869409115153487,-6.192082437565393,-1.8409901,2.3372889,-6.019269
158.0,-1.9046717,1.0953283,-4.9046717,-1.627788517498182,2.211723157042189,-5.467300192038553,-1.2464406,2.7578557,-5.250737
159.0,0.039930545,3.0399306,-2.9600694,-1.0645898281140358,2.774921846426335,-4.904101502654407,-0.9259655,2.9632783,-4.8152094
160.0,0.4783664,3.4783664,-2.5216336,-0.9072028094032631,2.9323088651371076,-4.746714483943634,-0.9394904,3.004478,-4.8834586
161.0,-0.85802,2.14198,-3.85802,-1.1938001505430667,2.6457115239973046,-5.033311825083437,-1.3046616,2.8240004,-5.433324
162.0,-1.4942178,1.5057822,-4.494218,-1.7432972861684561,2.096214388371915,-5.582808960708827,-1.9510349,2.2891827,-6.1912527
163.0,-3.3987844,-0.3987844,-6.3987846,-2.2290203631326637,1.6104913114077073,-6.068532037673035,-2.3990805,1.9449432,-6.743104
164.0,-1.9095249,1.0904751,-4.909525,-2.3108223545896585,1.5286893199507126,-6.150334029130029,-2.3652928,1.9047182,-6.6353035
165.0,-1.2515776,1.7484224,-4.2515774,-1.7747231167166435,2.0647885578237277,-5.614234791257014,-1.7513036,2.4804459,-5.983053
166.0,-0.35775238,2.6422477,-3.3577523,-0.6261242511261466,3.2133874234142246,-4.4656359256665175,-0.7358337,3.378982,-4.8506494
167.0,0.42005888,3.420059,-2.579941,0.8997270074772936,4.739238682017665,-2.939784667063077,0.76709634,4.888566,-3.3543732
168.0,0.7679001,3.7679,-2.2321,2.414808739144323,6.2543204136846935,-1.424702935396048,2.5972106,6.726697,-1.5322754
169.0,2.738476,5.738476,-0.26152396,3.514295635864203,7.353807310404574,-0.3252160386761682,3.5033987,7.72293,-0.7161329
170.0,2.8181307,5.8181305,-0.18186927,3.9202626510781697,7.75977432561854,0.08075097653779872,3.6771712,7.9411197,-0.5867772
171.0,3.5591383,6.5591383,0.5591383,3.57891792715503,7.418429601695401,-0.2605937473853408,3.3688612,7.580671,-0.84294844
172.0,3.2973297,6.29733,0.29732966,2.6747859562012044,6.514297630741575,-1.1647257183391666,2.3623772,6.46762,-1.7428656
173.0,3.3383858,6.3383856,0.33838582,1.5568236765577352,5.396335351098106,-2.2826879979826358,1.2995735,5.3375196,-2.7383728
174.0,1.9660883,4.9660883,-1.0339117,0.6049039488220592,4.44441562336243,-3.2346077257183117,0.48996985,4.5807796,-3.60084
175.0,1.7109512,4.7109513,-1.2890488,0.08767964305591867,3.92719131759629,-3.751832031484452,0.10184471,4.1953425,-3.991653
176.0,1.0756443,4.0756445,-1.9243557,0.06593335036683551,3.9054450249072064,-3.7735783241735357,0.08038165,4.059146,-3.8983824
177.0,0.26818967,3.2681897,-2.7318103,0.3779548676354536,4.217466542175824,-3.4615568069049174,0.30170664,4.214638,-3.611225
178.0,1.5235794,4.5235796,-1.4764206,0.7119917594770104,4.5515034340173814,-3.1275199150633606,0.55979544,4.463537,-3.3439465
179.0,0.4024179,3.402418,-2.597582,0.7374281132477923,4.576939787788163,-3.1020835612925786,0.51995945,4.430129,-3.3902102
180.0,-0.109964445,2.8900356,-3.1099644,0.2438253717021271,4.083337046242498,-3.595686302838244,0.0062371613,4.112549,-4.100075
181.0,-1.1339352,1.8660648,-4.133935,-0.7660850839516025,3.0734265905887685,-4.6055967584919735,-1.037027,3.0935388,-5.1675925
182.0,-2.737171,0.26282907,-5.737171,-2.065770211970565,1.7737414625698058,-5.905281886510936,-2.410215,1.8559494,-6.676379
183.0,-2.2547476,0.7452524,-5.2547474,-3.2814190789424225,0.5580925955979485,-7.120930753482794,-3.4870088,0.9463365,-7.920354
184.0,-3.2765038,-0.2765038,-6.2765036,-4.027020853483439,-0.18750917894306784,-7.86653252802381,-3.8740225,0.6615057,-8.409551
185.0,-3.2135408,-0.21354079,-6.213541,-4.0468863467589715,-0.2073746722186005,-7.8863980212993425,-3.8886456,0.6257787,-8.40307
186.0,-2.3021164,0.6978836,-5.3021164,-3.3114837699839472,0.5280279045564238,-7.150995444524318,-3.1669025,1.1540818,-7.487887
187.0,-1.7522362,1.2477638,-4.7522364,-2.0300978607019893,1.8094138138383817,-5.86960953524236,-1.9229925,2.2059395,-6.0519247
188.0,0.15571503,3.155715,-2.844285,-0.575389770294215,3.264121904246156,-4.414901444834586,-0.619337,3.4604397,-4.699114
189.0,1.6040609,4.604061,-1.3959391,0.6516087080475599,4.491120382587931,-3.1879029664928114,0.61133194,4.7248945,-3.5022306
190.0,2.544211,5.544211,-0.4557891,1.3649603876454799,5.204472062185851,-2.474551286894891,1.3494865,5.5275264,-2.8285537
191.0,2.6703067,5.6703067,-0.32969332,1.4915593477898963,5.331071022330267,-2.347952326750475,1.2451822,5.425173,-2.9348087
192.0,0.75001156,3.7500114,-2.2499886,1.186527507615188,5.026039182155559,-2.652984166925183,0.8152445,4.910961,-3.280472
193.0,0.09107645,3.0910764,-2.9089236,0.7611781173549381,4.600689791895309,-3.0783335571854327,0.2758939,4.415569,-3.8637812
194.0,-0.10358126,2.8964188,-3.1035812,0.5518645970254749,4.3913762715658455,-3.287647077514896,0.008589724,4.15326,-4.1360807
195.0,0.13382962,3.1338296,-2.8661704,0.7805791626944947,4.620090837234866,-3.0589325118458763,0.2604768,4.253013,-3.7320597
196.0,0.14473858,3.1447387,-2.8552613,1.4612343392611835,5.300746013801555,-2.3782773352791873,1.0649911,5.1548214,-3.0248394
197.0,3.1550064,6.1550064,0.15500641,2.3879854042641426,6.227497078804514,-1.4515262702762284,2.3904843,6.5015464,-1.7205777
198.0,3.4582396,6.4582396,0.45823956,3.21045428409711,7.049965958637481,-0.6290573904432608,3.329998,7.515543,-0.85554695
199.0,3.5754397,6.5754395,0.5754397,3.567334962676602,7.406846637216973,-0.2721767118637688,3.5862262,7.827407,-0.6549547
200.0,3.70503,6.70503,0.70502996,3.22736311640088,7.066874790941251,-0.612148558139491,3.078076,7.2396216,-1.0834699
201.0,2.2502284,5.2502284,-0.7497716,2.183616926799723,6.023128601340094,-1.655894747740648,1.9253315,5.985436,-2.1347728
202.0,0.7120111,3.712011,-2.287989,0.6647554125206574,4.504267087061028,-3.174756262019714,0.62005633,4.806654,-3.5665414
203.0,-0.90498716,2.095013,-3.904987,-0.9416387941113358,2.897872880429035,-4.781150468651707,-0.8234414,3.3757954,-5.0226784
204.0,-1.4205314,1.5794686,-4.4205313,-2.225002925263108,1.6145087492772632,-6.064514599803479,-1.9577698,2.2991781,-6.214718
205.0,-2.8187041,0.18129587,-5.818704,-2.8958581146230147,0.9436535599173563,-6.735369789163386,-2.5805485,1.7163236,-6.8774204
206.0,-1.7571071,1.2428929,-4.7571073,-2.8837686715767124,0.9557430029636587,-6.723280346117083,-2.4791586,1.8349855,-6.7933025
207.0,-0.5807108,2.419289,-3.580711,-2.352570763025023,1.4869409115153478,-6.192082437565395,-1.8457971,2.402864,-6.094458
208.0,-0.14373808,2.856262,-3.143738,-1.6277885174981823,2.2117231570421887,-5.467300192038554,-1.2598455,2.8308065,-5.3504972
209.0,1.0547358,4.0547357,-1.9452642,-1.064589828114036,2.774921846426335,-4.904101502654407,-0.9207016,3.0872693,-4.9286723
210.0,2.0079033,5.007903,-0.99209666,-0.9072028094032633,2.9323088651371076,-4.746714483943634,-0.93105,3.0586514,-4.9207516
211.0,1.443401,4.443401,-1.556599,-1.1938001505430669,2.645711523997304,-5.033311825083437,-1.3143343,2.8531117,-5.4817805
212.0,0.33335945,3.3333595,-2.6666405,-1.7432972861684566,2.0962143883719144,-5.582808960708828,-1.9795016,2.2109232,-6.1699266
213.0,-0.76695067,2.2330494,-3.7669506,-2.2290203631326637,1.6104913114077073,-6.068532037673035,-2.5453062,1.7081132,-6.7987256
214.0,-1.4344059,1.5655941,-4.434406,-2.310822354589658,1.528689319950713,-6.150334029130029,-2.5263329,1.7766438,-6.8293095
215.0,-1.2217808,1.7782192,-4.221781,-1.7747231167166435,2.0647885578237277,-5.614234791257014,-1.9454787,2.12944,-6.020397
216.0,-1.0638726,1.9361274,-4.0638723,-0.6261242511261466,3.2133874234142246,-4.4656359256665175,-0.8888078,3.1154814,-4.893097
217.0,1.9790248,4.979025,-1.0209752,0.8997270074772936,4.739238682017665,-2.939784667063077,0.68764114,4.781891,-3.4066086
218.0,2.9497018,5.949702,-0.050298214,2.414808739144323,6.2543204136846935,-1.424702935396048,2.5987425,6.739667,-1.542182
219.0,3.709485,6.709485,0.70948505,3.514295635864203,7.353807310404574,-0.3252160386761682,3.5163624,7.7462645,-0.71353936
220.0,5.471448,8.471448,2.471448,3.9202626510781697,7.75977432561854,0.08075097653779872,3.6265943,7.8801546,-0.62696576
221.0,5.6879497,8.68795,2.6879497,3.57891792715503,7.418429601695401,-0.2605937473853408,3.3783827,7.591134,-0.8343687
222.0,4.312869,7.312869,1.3128691,2.6747859562012044,6.514297630741575,-1.1647257183391666,2.081712,6.2698154,-2.1063917
223.0,2.6259775,5.6259775,-0.37402248,1.5568236765577352,5.396335351098106,-2.2826879979826358,1.0997429,5.289608,-3.0901222
224.0,1.1541202,4.1541204,-1.8458798,0.6049039488220592,4.44441562336243,-3.2346077257183117,0.4009538,4.546709,-3.7448015
225.0,0.43482697,3.4348269,-2.5651731,0.08767964305591867,3.92719131759629,-3.751832031484452,0.05630042,4.181149,-4.0685477
226.0,1.31264,4.31264,-1.68736,0.06593335036683479,3.905445024907206,-3.773578324173536,0.10983043,4.1676974,-3.9480367
227.0,1.5633705,4.5633707,-1.4366295,0.3779548676354531,4.217466542175824,-3.461556806904918,0.3697014,4.320648,-3.5812454
228.0,1.167504,4.167504,-1.832496,0.7119917594770102,4.5515034340173814,-3.1275199150633606,0.66204375,4.592418,-3.2683308
229.0,2.1904292,5.190429,-0.8095708,0.7374281132477921,4.576939787788163,-3.102083561292579,0.57567394,4.5104055,-3.3590574
230.0,1.4422674,4.4422674,-1.5577326,0.24382537170212693,4.083337046242498,-3.595686302838244,0.04579654,4.037708,-3.9461148
231.0,-0.106186554,2.8938134,-3.1061866,-0.7660850839516027,3.0734265905887685,-4.6055967584919735,-1.0131782,3.1682115,-5.194568
232.0,-1.756195,1.243805,-4.756195,-2.065770211970565,1.7737414625698058,-5.905281886510936,-2.354596,1.9267457,-6.6359377
233.0,-2.9252996,0.074700356,-5.9252996,-3.2814190789424225,0.5580925955979485,-7.120930753482794,-3.4456708,0.9653423,-7.8566837
234.0,-4.195892,-1.1958919,-7.195892,-4.027020853483439,-0.18750917894306784,-7.86653252802381,-3.8584116,0.68186593,-8.398689
235.0,-5.59901,-2.59901,-8.59901,-4.0468863467589715,-0.2073746722186005,-7.8863980212993425,-3.8348205,0.7352207,-8.404861
236.0,-5.3999705,-2.3999705,-8.399971,-3.3114837699839472,0.5280279045564238,-7.150995444524318,-2.9705238,1.4491606,-7.3902082
237.0,-3.0738208,-0.07382083,-6.073821,-2.0300978607019893,1.8094138138383817,-5.86960953524236,-1.7672602,2.4149861,-5.9495063
238.0,-2.0646966,0.93530345,-5.0646963,-0.575389770294215,3.264121904246156,-4.414901444834586,-0.5369274,3.5731761,-4.647031
239.0,0.023305107,3.0233052,-2.9766948,0.6516087080475599,4.491120382587931,-3.1879029664928114,0.7343009,4.855822,-3.3872201
240.0,-0.8043601,2.1956398,-3.8043602,1.3649603876454799,5.204472062185851,-2.474551286894891,1.394437,5.56516,-2.7762861
241.0,1.1893688,4.1893687,-1.8106312,1.4915593477898963,5.331071022330267,-2.347952326750475,1.251086,5.3882904,-2.8861182
242.0,2.2069983,5.2069983,-0.79300165,1.186527507615188,5.026039182155559,-2.652984166925183,0.7860686,4.9492345,-3.3770974
243.0,2.3371577,5.3371577,-0.6628423,0.7611781173549381,4.600689791895309,-3.0783335571854327,0.28462175,4.4358754,-3.866632
244.0,1.5162588,4.5162587,-1.4837412,0.5518645970254749,4.3913762715658455,-3.287647077514896,0.058401544,4.13214,-4.015337
245.0,1.9903365,4.9903364,-1.0096635,0.7805791626944947,4.620090837234866,-3.0589325118458763,0.22735284,4.2924113,-3.8377059
246.0,2.344894,5.344894,-0.65510607,1.4612343392611835,5.300746013801555,-2.3782773352791873,1.0769079,5.175803,-3.0219877
247.0,2.59636,5.59636,-0.40364003,2.3879854042641426,6.227497078804514,-1.4515262702762284,2.3902752,6.509738,-1.7291873
248.0,3.6180456,6.618046,0.61804557,3.21045428409711,7.049965958637481,-0.6290573904432608,3.3257236,7.520366,-0.8689189
249.0,4.8597865,7.8597865,1.8597865,3.567334962676602,7.406846637216973,-0.2721767118637688,3.6019921,7.845815,-0.6418309
250.0,4.120985,7.120985,1.120985,3.22736311640088,7.066874790941251,-0.612148558139491,3.2686336,7.437561,-0.9002936
251.0,3.307748,6.307748,0.30774808,2.1836169267997527,6.023128601340124,-1.6558947477406183,2.0460427,6.146249,-2.0541632
252.0,1.8133384,4.8133383,-1.1866616,0.6647554125206764,4.504267087061048,-3.1747562620196947,0.6660701,4.876028,-3.543888
253.0,0.04055579,3.0405557,-2.9594443,-0.941638794111322,2.8978728804290492,-4.781150468651693,-0.7370634,3.4439044,-4.918031
254.0,-0.032552075,2.967448,-3.032552,-2.225002925263099,1.614508749277272,-6.06451459980347,-1.8398155,2.4250894,-6.1047206
255.0,-1.8532381,1.1467619,-4.853238,-2.895858114623008,0.943653559917363,-6.735369789163379,-2.4723895,1.8496735,-6.7944527
256.0,-1.5288687,1.4711313,-4.5288687,-2.883768671576708,0.9557430029636631,-6.723280346117079,-2.3737671,1.933872,-6.681406
257.0,-0.87114626,2.1288538,-3.8711462,-2.3525707630250197,1.4869409115153513,-6.192082437565391,-1.7963148,2.372621,-5.9652505
258.0,-1.4052502,1.5947498,-4.40525,-1.6277885174981803,2.211723157042191,-5.467300192038551,-1.2165275,2.8879066,-5.3209615
259.0,-1.1892171,1.8107829,-4.189217,-1.0645898281140347,2.774921846426336,-4.904101502654406,-0.85620534,3.0782146,-4.7906256
260.0,-0.19837481,2.8016253,-3.1983747,-0.9072028094032625,2.9323088651371085,-4.7467144839436335,-0.8724246,3.1113975,-4.856247
261.0,-1.1315001,1.8684999,-4.1315002,-1.1938001505430662,2.6457115239973046,-5.033311825083437,-1.2555575,2.7963495,-5.3074646
262.0,-1.0781665,1.9218335,-4.0781665,-1.7432972861684561,2.096214388371915,-5.582808960708827,-1.9464945,2.1826086,-6.075598
263.0,-1.5612433,1.4387567,-4.561243,-2.2290203631326637,1.6104913114077073,-6.068532037673035,-2.5812309,1.650595,-6.813057
264.0,-2.2129388,0.7870612,-5.212939,-2.3108223545896585,1.5286893199507126,-6.150334029130029,-2.592188,1.6877432,-6.872119
265.0,-2.4141252,0.5858748,-5.4141254,-1.7747231167166435,2.0647885578237277,-5.614234791257014,-1.9229649,2.2303505,-6.0762806
266.0,-0.51203823,2.4879618,-3.5120382,-0.6261242511261466,3.2133874234142246,-4.4656359256665175,-0.85054666,3.2227037,-4.923797
267.0,0.8113839,3.811384,-2.188616,0.8997270074772936,4.739238682017665,-2.939784667063077,0.7251047,4.8398085,-3.3895988
268.0,2.9311304,5.9311304,-0.06886959,2.414808739144323,6.2543204136846935,-1.424702935396048,2.5921059,6.7336073,-1.5493956
269.0,4.493436,7.493436,1.4934359,3.514295635864203,7.353807310404574,-0.3252160386761682,3.4832134,7.7038956,-0.7374687
270.0,4.4215302,7.4215302,1.4215302,3.9202626510781697,7.75977432561854,0.08075097653779872,3.6231625,7.888529,-0.64220357
271.0,3.7778015,6.7778015,0.7778015,3.57891792715503,7.418429601695401,-0.2605937473853408,3.11062,7.2658772,-1.0446372
272.0,1.9211643,4.9211645,-1.0788357,2.6747859562012044,6.514297630741575,-1.1647257183391666,2.175421,6.288354,-1.9375122
273.0,1.4970514,4.4970512,-1.5029486,1.5568236765577352,5.396335351098106,-2.2826879979826358,1.1798418,5.2894526,-2.9297693
274.0,1.7340596,4.7340593,-1.2659404,0.6049039488220592,4.44441562336243,-3.2346077257183117,0.46009433,4.5393863,-3.6191974
275.0,1.4412231,4.441223,-1.5587769,0.08767964305591867,3.92719131759629,-3.751832031484452,0.09442008,4.150885,-3.962045
276.0,1.5105461,4.510546,-1.4894539,0.06593335036683405,3.905445024907205,-3.773578324173537,0.10636342,3.9997656,-3.7870386
277.0,2.5240314,5.5240316,-0.4759686,0.37795486763545266,4.217466542175823,-3.4615568069049183,0.35324445,4.2783237,-3.5718348
278.0,2.3984976,5.3984976,-0.6015024,0.7119917594770099,4.551503434017381,-3.127519915063361,0.6127975,4.517701,-3.2921062
279.0,2.6192656,5.6192656,-0.38073444,0.7374281132477919,4.576939787788163,-3.102083561292579,0.5538742,4.504201,-3.3964524
280.0,1.2538403,4.2538404,-1.7461597,0.24382537170212676,4.083337046242498,-3.5956863028382444,0.04237781,4.01073,-3.9259741
281.0,0.9681341,3.9681342,-2.0318658,-0.7660850839516028,3.073426590588768,-4.6055967584919735,-1.0308003,3.08327,-5.1448708
282.0,-0.767382,2.2326179,-3.7673821,-2.065770211970565,1.7737414625698058,-5.905281886510936,-2.3241737,1.918369,-6.566716
283.0,-2.2871718,0.71282816,-5.287172,-3.2814190789424225,0.5580925955979485,-7.120930753482794,-3.4394424,1.0062034,-7.885088
284.0,-4.072397,-1.0723972,-7.072397,-4.027020853483439,-0.18750917894306784,-7.86653252802381,-3.8702974,0.687716,-8.42831
285.0,-4.5644946,-1.5644946,-7.5644946,-4.0468863467589715,-0.2073746722186005,-7.8863980212993425,-3.837499,0.6930516,-8.36805
286.0,-3.6719158,-0.67191577,-6.671916,-3.311483769983947,0.5280279045564242,-7.150995444524318,-3.1623845,1.130856,-7.455625
287.0,-2.043174,0.956826,-5.043174,-2.0300978607019893,1.8094138138383817,-5.86960953524236,-1.9402252,2.1765823,-6.0570326
288.0,-1.0315892,1.9684108,-4.031589,-0.575389770294215,3.264121904246156,-4.414901444834586,-0.6349857,3.4797919,-4.7497635
289.0,0.47989097,3.479891,-2.520109,0.6516087080475599,4.491120382587931,-3.1879029664928114,0.66020894,4.778764,-3.4583461
290.0,1.0892907,4.0892906,-1.9107093,1.3649603876454799,5.204472062185851,-2.474551286894891,1.4956517,5.6350102,-2.6437068
291.0,1.9095471,4.909547,-1.0904529,1.4915593477898963,5.331071022330267,-2.347952326750475,1.4333285,5.5748563,-2.708199
292.0,1.1374865,4.1374865,-1.8625135,1.186527507615188,5.026039182155559,-2.652984166925183,0.9067497,4.980687,-3.1671877
293.0,0.8297975,3.8297975,-2.1702025,0.7611781173549381,4.600689791895309,-3.0783335571854327,0.41320476,4.4337873,-3.607378
294.0,1.5281531,4.528153,-1.4718469,0.5518645970254749,4.3913762715658455,-3.287647077514896,0.14800103,4.12615,-3.830148
295.0,1.1779802,4.1779804,-1.8220198,0.7805791626944947,4.620090837234866,-3.0589325118458763,0.3122308,4.263738,-3.6392767
296.0,3.1072254,6.1072254,0.10722542,1.4612343392611835,5.300746013801555,-2.3782773352791873,1.1543192,5.179685,-2.8710465
297.0,2.8814692,5.8814692,-0.11853075,2.3879854042641426,6.227497078804514,-1.4515262702762284,2.4235368,6.5003695,-1.653296
298.0,4.373788,7.373788,1.3737879,3.21045428409711,7.049965958637481,-0.6290573904432608,3.3795977,7.5618067,-0.80261135
299.0,4.5692005,7.5692005,1.5692005,3.567334962676602,7.406846637216973,-0.2721767118637688,3.5862126,7.81727,-0.64484453
300.0,3.6861353,6.6861353,0.6861353,3.22736311640088,7.066874790941251,-0.612148558139491,3.16876,7.3375053,-0.99998546
301.0,2.9583776,5.958378,-0.0416224,2.1836169267997403,6.023128601340112,-1.6558947477406307,1.8546945,6.02855,-2.3191614
302.0,0.38496098,3.384961,-2.615039,0.6647554125206684,4.50426708706104,-3.1747562620197027,0.5903799,4.79928,-3.6185205
303.0,-0.79940456,2.2005954,-3.7994046,-0.9416387941113279,2.897872880429043,-4.781150468651699,-0.8018195,3.4137108,-5.0173497
304.0,-1.6444359,1.3555641,-4.644436,-2.225002925263103,1.614508749277268,-6.0645145998034735,-1.9402016,2.3408732,-6.2212768
305.0,-2.3021219,0.6978781,-5.302122,-2.895858114623011,0.9436535599173599,-6.735369789163382,-2.5579908,1.8056653,-6.921647
306.0,-3.2889245,-0.28892446,-6.288924,-2.8837686715767097,0.9557430029636613,-6.723280346117081,-2.2901335,2.0732107,-6.6534777
307.0,-2.0022824,0.9977176,-5.002282,-2.352570763025021,1.48694091151535,-6.192082437565392,-1.7415653,2.4548683,-5.937999
308.0,-0.95007086,2.0499291,-3.9500709,-1.6277885174981812,2.21172315704219,-5.467300192038552,-1.205216,2.8627648,-5.2731967
309.0,-0.56892043,2.4310796,-3.5689204,-1.0645898281140351,2.774921846426336,-4.904101502654406,-0.8978863,3.011465,-4.8072376
310.0,-1.1388086,1.8611914,-4.1388087,-0.9072028094032627,2.9323088651371085,-4.7467144839436335,-0.9207597,2.998042,-4.8395615
311.0,-0.6806226,2.3193774,-3.6806226,-1.1938001505430664,2.6457115239973046,-5.033311825083437,-1.3212729,2.7295418,-5.3720875
312.0,-2.1465013,0.8534987,-5.1465015,-1.7432972861684561,2.096214388371915,-5.582808960708827,-2.0198991,2.0628903,-6.102689
313.0,-2.0853474,0.9146526,-5.085347,-2.2290203631326637,1.6104913114077073,-6.068532037673035,-2.5465367,1.6817529,-6.774826
314.0,-3.2713873,-0.27138734,-6.271387,-2.3108223545896585,1.5286893199507126,-6.150334029130029,-2.6224744,1.6511405,-6.8960896
315.0,-1.91906,1.08094,-4.9190598,-1.7747231167166435,2.0647885578237277,-5.614234791257014,-2.0127816,2.0921087,-6.117672
316.0,0.37076285,3.3707628,-2.6292372,-0.6261242511261466,3.2133874234142246,-4.4656359256665175,-0.95747703,3.0933733,-5.0083275
317.0,1.0897164,4.0897164,-1.9102836,0.8997270074772936,4.739238682017665,-2.939784667063077,0.6590718,4.7637587,-3.4456148
318.0,2.3272655,5.3272657,-0.6727345,2.414808739144323,6.2543204136846935,-1.424702935396048,2.5176466,6.6441336,-1.6088402
319.0,3.2962859,6.2962856,0.29628587,3.514295635864203,7.353807310404574,-0.3252160386761682,3.4161036,7.623186,-0.79097915
320.0,3.9915643,6.9915643,0.9915643,3.9202626510781697,7.75977432561854,0.08075097653779872,3.6667206,7.9359922,-0.6025512
321.0,2.9820013,5.9820013,-0.017998695,3.57891792715503,7.418429601695401,-0.2605937473853408,3.2301657,7.417638,-0.95730615
322.0,1.6909707,4.6909704,-1.3090293,2.6747859562012044,6.514297630741575,-1.1647257183391666,2.2839687,6.3577614,-1.7898242
323.0,0.7238161,3.7238162,-2.2761838,1.5568236765577352,5.396335351098106,-2.2826879979826358,1.2623295,5.327653,-2.8029938
324.0,-0.2583534,2.7416465,-3.2583535,0.6049039488220592,4.44441562336243,-3.2346077257183117,0.48546487,4.5860143,-3.6150844
325.0,-0.20814407,2.7918558,-3.2081442,0.08767964305591867,3.92719131759629,-3.751832031484452,0.0998976,4.195934,-3.9961388
326.0,0.22772156,3.2277215,-2.7722785,0.06593335036682627,3.9054450249071975,-3.7735783241735446,0.086271554,4.1116395,-3.9390962
327.0,0.12120846,3.1212084,-2.8787916,0.37795486763544767,4.217466542175819,-3.461556806904923,0.38097838,4.314112,-3.5521553
328.0,0.35055345,3.3505535,-2.6494465,0.7119917594770062,4.551503434017377,-3.127519915063365,0.660398,4.66303,-3.3422341
329.0,-0.08174948,2.9182506,-3.0817494,0.7374281132477896,4.57693978778816,-3.1020835612925817,0.6537552,4.6739273,-3.366417
330.0,-0.92869294,2.0713072,-3.9286928,0.24382537170212515,4.083337046242496,-3.5956863028382458,0.1505677,4.2663484,-3.965213
331.0,-1.2946552,1.7053448,-4.2946553,-0.7660850839516038,3.073426590588767,-4.605596758491975,-0.87423295,3.2504056,-4.9988713
332.0,-1.6465627,1.3534373,-4.6465626,-2.065770211970566,1.773741462569805,-5.905281886510937,-2.2497418,1.9875705,-6.487054
333.0,-3.9286277,-0.9286277,-6.928628,-3.281419078942423,0.5580925955979481,-7.120930753482794,-3.3870788,1.031878,-7.8060355
334.0,-5.6935534,-2.6935534,-8.693554,-4.027020853483441,-0.18750917894306962,-7.866532528023812,-3.8296673,0.7068231,-8.366158
335.0,-5.6945634,-2.6945634,-8.694563,-4.046886346758972,-0.2073746722186014,-7.886398021299343,-3.8170316,0.74417615,-8.37824
336.0,-4.593723,-1.5937228,-7.593723,-3.3114837699839472,0.5280279045564238,-7.150995444524318,-3.030977,1.3555272,-7.4174814
337.0,-3.0661876,-0.06618762,-6.066188,-2.0300978607019897,1.8094138138383813,-5.869609535242361,-1.8527874,2.3411064,-6.0466814
338.0,-1.6538827,1.3461173,-4.653883,-0.5753897702942153,3.2641219042461556,-4.4149014448345865,-0.537574,3.6389453,-4.714093
339.0,0.007530152,3.0075302,-2.9924698,0.6516087080475598,4.491120382587931,-3.1879029664928114,0.6796585,4.8496675,-3.4903507
340.0,1.8850169,4.885017,-1.1149831,1.3649603876454799,5.204472062185851,-2.474551286894891,1.3563082,5.540962,-2.828346
341.0,-0.28492075,2.7150793,-3.2849207,1.491559347789896,5.331071022330267,-2.347952326750475,1.286944,5.4754267,-2.9015388
342.0,-1.3739891,1.6260109,-4.373989,1.1865275076151875,5.026039182155559,-2.6529841669251835,0.75917107,4.8780146,-3.3596725
343.0,-1.5578274,1.4421726,-4.5578275,0.7611781173549379,4.600689791895309,-3.078333557185433,0.3221185,4.4077716,-3.7635348
344.0,-0.7940317,2.2059684,-3.7940316,0.5518645970254746,4.3913762715658455,-3.2876470775148965,0.087857336,4.186016,-4.0103016
345.0,0.9689804,3.9689803,-2.0310197,0.7805791626944945,4.620090837234866,-3.0589325118458763,0.2684124,4.2929487,-3.7561238
346.0,0.8237236,3.8237236,-2.1762764,1.4612343392611833,5.300746013801554,-2.3782773352791877,1.1436877,5.186335,-2.8989596
347.0,1.4638953,4.4638953,-1.5361047,2.3879854042641426,6.227497078804514,-1.4515262702762284,2.4204051,6.4916935,-1.650883
348.0,4.2094297,7.2094297,1.2094297,3.21045428409711,7.049965958637481,-0.6290573904432608,3.3471668,7.5163937,-0.82205987
349.0,3.3318214,6.3318214,0.33182144,3.567334962676602,7.406846637216973,-0.2721767118637688,3.5813668,7.8108463,-0.64811254
350.0,2.7678685,5.7678685,-0.23213148,3.22736311640088,7.066874790941251,-0.612148558139491,3.199566,7.358267,-0.95913506
351.0,0.22929451,3.2292945,-2.7707055,2.183616926799749,6.023128601340121,-1.6558947477406218,1.9535931,6.113864,-2.2066774
352.0,-0.7107835,2.2892165,-3.7107835,0.664755412520674,4.504267087061045,-3.174756262019697,0.66532725,4.799696,-3.4690416
353.0,-1.7857977,1.2142023,-4.7857976,-0.9416387941113238,2.8978728804290474,-4.781150468651695,-0.7587767,3.4065666,-4.92412
354.0,-3.0654144,-0.06541443,-6.0654144,-2.2250029252631003,1.6145087492772707,-6.064514599803472,-1.8993136,2.3495755,-6.1482024
355.0,-3.4724314,-0.47243142,-6.472431,-2.8958581146230093,0.9436535599173617,-6.73536978916338,-2.5100594,1.8419852,-6.862104
356.0,-2.4811664,0.51883364,-5.4811664,-2.883768671576709,0.9557430029636622,-6.72328034611708,-2.4370437,1.8763633,-6.7504506
357.0,-1.3440294,1.6559706,-4.3440294,-2.35257076302502,1.486940911515351,-6.192082437565391,-1.797892,2.4306903,-6.0264745
358.0,-0.427887,2.572113,-3.427887,-1.6277885174981805,2.2117231570421905,-5.467300192038552,-1.2108698,2.9276638,-5.3494034
359.0,-0.104560405,2.8954396,-3.1045604,-1.0645898281140347,2.774921846426336,-4.904101502654406,-0.8505688,3.2034397,-4.9045773
360.0,-0.449173,2.550827,-3.449173,-0.9072028094032625,2.9323088651371085,-4.7467144839436335,-0.8643059,3.188418,-4.91703
361.0,-1.2860554,1.7139446,-4.2860556,-1.1938001505430662,2.6457115239973046,-5.033311825083437,-1.2687064,2.8638659,-5.4012785
362.0,-2.643297,0.35670304,-5.643297,-1.7432972861684561,2.096214388371915,-5.582808960708827,-1.899989,2.2688227,-6.068801
363.0,-2.6925912,0.3074088,-5.692591,-2.2290203631326637,1.6104913114077073,-6.068532037673035,-2.5215738,1.6965206,-6.739668
364.0,-3.8405588,-0.84055877,-6.840559,-2.3108223545896585,1.5286893199507126,-6.150334029130029,-2.5017483,1.8072135,-6.81071
365.0,-2.3647776,0.63522243,-5.3647776,-1.7747231167166435,2.0647885578237277,-5.614234791257014,-1.947704,2.1348224,-6.03023
366.0,-2.305623,0.69437695,-5.305623,-0.6261242511261466,3.2133874234142246,-4.4656359256665175,-0.8798984,3.147417,-4.907214
367.0,-0.010960476,2.9890394,-3.0109606,0.8997270074772936,4.739238682017665,-2.939784667063077,0.69191843,4.7932367,-3.4094
368.0,0.73137534,3.7313752,-2.2686248,2.414808739144323,6.2543204136846935,-1.424702935396048,2.601534,6.7217355,-1.5186677
369.0,2.1878796,5.1878796,-0.81212044,3.514295635864203,7.353807310404574,-0.3252160386761682,3.4761338,7.6887364,-0.7364688
370.0,2.2700143,5.2700143,-0.7299857,3.9202626510781697,7.75977432561854,0.08075097653779872,3.6975436,7.9739404,-0.57885313
371.0,2.2843826,5.284383,-0.7156174,3.57891792715503,7.418429601695401,-0.2605937473853408,3.3128827,7.519929,-0.89416385
372.0,1.1461049,4.146105,-1.8538951,2.6747859562012044,6.514297630741575,-1.1647257183391666,2.2622352,6.364726,-1.8402557
373.0,-0.5354783,2.4645216,-3.5354784,1.5568236765577352,5.396335351098106,-2.2826879979826358,1.2559558,5.3090973,-2.797186
374.0,-0.69002205,2.309978,-3.690022,0.6049039488220592,4.44441562336243,-3.2346077257183117,0.45823798,4.6353045,-3.7188284
375.0,-0.77250654,2.2274935,-3.7725065,0.08767964305591867,3.92719131759629,-3.751832031484452,0.104857914,4.1824317,-3.9727159
376.0,-0.47294804,2.527052,-3.472948,0.0659333503668326,3.9054450249072037,-3.7735783241735383,0.15547232,4.159344,-3.8483996
377.0,0.53076154,3.5307615,-2.4692385,0.3779548676354517,4.217466542175822,-3.461556806904919,0.37477395,4.3134346,-3.5638866
378.0,1.1667624,4.1667624,-1.8332376,0.7119917594770091,4.551503434017381,-3.127519915063362,0.6294833,4.5753675,-3.316401
379.0,0.99259174,3.9925919,-2.0074081,0.7374281132477915,4.576939787788162,-3.1020835612925794,0.5882305,4.592795,-3.4163337
380.0,-0.1412269,2.858773,-3.141227,0.2438253717021265,4.083337046242497,-3.5956863028382444,0.080323115,4.0728264,-3.91218
381.0,-0.94768107,2.052319,-3.947681,-0.7660850839516029,3.073426590588768,-4.6055967584919735,-0.94940764,3.1363134,-5.0351286
382.0,-2.2004898,0.79951024,-5.20049,-2.065770211970565,1.7737414625698058,-5.905281886510936,-2.373067,1.8434806,-6.5896144
383.0,-3.3111806,-0.3111806,-6.3111806,-3.2814190789424225,0.5580925955979485,-7.120930753482794,-3.3964543,1.007379,-7.8002877
384.0,-3.4849503,-0.4849503,-6.48495,-4.027020853483439,-0.18750917894306784,-7.86653252802381,-3.841905,0.68851185,-8.372322
385.0,-4.506029,-1.5060291,-7.506029,-4.0468863467589715,-0.2073746722186005,-7.8863980212993425,-3.848335,0.6851609,-8.381831
386.0,-3.7457094,-0.7457094,-6.7457094,-3.311483769983947,0.5280279045564242,-7.150995444524318,-3.0746949,1.311095,-7.4604845
387.0,-1.3976371,1.6023629,-4.3976374,-2.0300978607019893,1.8094138138383817,-5.86960953524236,-1.8628037,2.314462,-6.0400696
388.0,0.3546597,3.3546598,-2.6453402,-0.575389770294215,3.264121904246156,-4.414901444834586,-0.61303246,3.5481195,-4.774184
389.0,1.0347022,4.0347023,-1.9652978,0.6516087080475599,4.491120382587931,-3.1879029664928114,0.6206766,4.784572,-3.543219
390.0,1.3945612,4.3945613,-1.6054388,1.3649603876454799,5.204472062185851,-2.474551286894891,1.3437637,5.506579,-2.8190513
391.0,2.2065363,5.2065363,-0.7934637,1.4915593477898963,5.331071022330267,-2.347952326750475,1.3045791,5.4507203,-2.8415618
392.0,1.4585611,4.458561,-1.5414389,1.186527507615188,5.026039182155559,-2.652984166925183,0.8012713,4.9191117,-3.3165689
393.0,1.2623441,4.2623444,-1.7376559,0.7611781173549381,4.600689791895309,-3.0783335571854327,0.29072002,4.4294024,-3.8479624
394.0,0.11435534,3.1143553,-2.8856447,0.5518645970254749,4.3913762715658455,-3.287647077514896,0.07199446,4.103451,-3.959462
395.0,0.19721495,3.1972148,-2.8027852,0.7805791626944947,4.620090837234866,-3.0589325118458763,0.22012244,4.2177854,-3.7775407
396.0,0.11498399,3.114984,-2.885016,1.4612343392611835,5.300746013801555,-2.3782773352791873,1.0840118,5.1413136,-2.9732897
397.0,1.0193241,4.0193243,-1.9806759,2.3879854042641426,6.227497078804514,-1.4515262702762284,2.4492075,6.5495176,-1.6511028
398.0,2.0575523,5.0575523,-0.94244766,3.21045428409711,7.049965958637481,-0.6290573904432608,3.355114,7.5309415,-0.8207135
399.0,3.7486024,6.7486024,0.7486024,3.567334962676602,7.406846637216973,-0.2721767118637688,3.6036723,7.8439617,-0.6366174
400.0,2.6543524,5.654352,-0.34564757,3.22736311640088,7.066874790941251,-0.612148558139491,3.2120886,7.368048,-0.943871
401.0,2.376229,5.3762293,-0.62377095,2.1836169267997296,6.023128601340101,-1.6558947477406414,2.02114,6.079193,-2.036913
402.0,0.9638812,3.9638813,-2.0361187,0.6647554125206616,4.504267087061033,-3.1747562620197094,0.67249846,4.777399,-3.4324024
403.0,-0.26045644,2.7395434,-3.2604566,-0.9416387941113328,2.897872880429038,-4.7811504686517035,-0.78883404,3.3629441,-4.9406123
404.0,-1.5631765,1.4368235,-4.5631766,-2.225002925263106,1.614508749277265,-6.064514599803477,-1.9415905,2.3009393,-6.18412
405.0,-2.0522954,0.94770455,-5.0522957,-2.8958581146230133,0.9436535599173577,-6.735369789163384,-2.5236993,1.8647475,-6.912146
406.0,-3.2381637,-0.23816371,-6.238164,-2.8837686715767115,0.9557430029636595,-6.7232803461170825,-2.4751709,1.8428452,-6.793187
407.0,-3.075631,-0.0756309,-6.075631,-2.3525707630250223,1.4869409115153487,-6.192082437565393,-1.8481907,2.356824,-6.0532055
408.0,-2.3253937,0.6746063,-5.3253937,-1.627788517498182,2.211723157042189,-5.467300192038553,-1.1871982,2.938496,-5.3128924
409.0,-0.680674,2.319326,-3.680674,-1.0645898281140358,2.774921846426335,-4.904101502654407,-0.87232494,3.1761584,-4.9208083
410.0,-1.1869222,1.8130778,-4.186922,-0.9072028094032631,2.9323088651371076,-4.746714483943634,-0.87223697,3.1663296,-4.910804
411.0,-1.637817,1.362183,-4.637817,-1.1938001505430667,2.6457115239973046,-5.033311825083437,-1.2710457,2.8726263,-5.4147177
412.0,-1.0836048,1.9163952,-4.083605,-1.7432972861684561,2.096214388371915,-5.582808960708827,-1.8721116,2.3960755,-6.140299
413.0,-0.7956587,2.2043414,-3.7956586,-2.2290203631326637,1.6104913114077073,-6.068532037673035,-2.4098096,1.8448033,-6.6644225
414.0,-1.9359901,1.0640099,-4.9359903,-2.3108223545896585,1.5286893199507126,-6.150334029130029,-2.4259057,1.8700356,-6.721847
415.0,-1.4879246,1.5120754,-4.4879246,-1.7747231167166435,2.0647885578237277,-5.614234791257014,-1.7924464,2.3995802,-5.984473
416.0,-0.7865425,2.2134576,-3.7865424,-0.6261242511261466,3.2133874234142246,-4.4656359256665175,-0.7683385,3.272806,-4.809483
417.0,1.798245,4.798245,-1.201755,0.8997270074772936,4.739238682017665,-2.939784667063077,0.78720164,4.8832054,-3.308802
418.0,3.081672,6.0816717,0.08167195,2.414808739144323,6.2543204136846935,-1.424702935396048,2.6093976,6.745537,-1.5267413
419.0,3.5586197,6.5586195,0.55861974,3.514295635864203,7.353807310404574,-0.3252160386761682,3.4481897,7.675434,-0.77905464
420.0,4.780698,7.780698,1.7806978,3.9202626510781697,7.75977432561854,0.08075097653779872,3.6951635,7.9798574,-0.5895302
421.0,3.5417256,6.5417256,0.54172564,3.57891792715503,7.418429601695401,-0.2605937473853408,3.3692224,7.586918,-0.8484733
422.0,3.0671356,6.067136,0.06713557,2.6747859562012044,6.514297630741575,-1.1647257183391666,2.455424,6.519555,-1.6087067
423.0,1.0234425,4.0234423,-1.9765575,1.5568236765577352,5.396335351098106,-2.2826879979826358,1.3500134,5.412589,-2.7125626
424.0,0.09546362,3.0954635,-2.9045365,0.6049039488220592,4.44441562336243,-3.2346077257183117,0.58869505,4.7025523,-3.5251622
425.0,-0.124211274,2.8757887,-3.1242113,0.08767964305591867,3.92719131759629,-3.751832031484452,0.18791753,4.25508,-3.879245
426.0,-0.13620044,2.8637996,-3.1362004,0.06593335036683892,3.90544502490721,-3.773578324173532,0.13761571,4.1584554,-3.883224
427.0,-0.41560143,2.5843985,-3.4156015,0.37795486763545577,4.217466542175827,-3.461556806904915,0.41660476,4.391246,-3.558036
428.0,-0.087205976,2.912794,-3.087206,0.711991759477012,4.551503434017383,-3.127519915063359,0.73539484,4.7892137,-3.3184237
429.0,-0.1117175,2.8882825,-3.1117175,0.7374281132477932,4.576939787788164,-3.1020835612925777,0.67744297,4.6241355,-3.2692494
430.0,-1.2234337,1.7765663,-4.2234335,0.2438253717021278,4.083337046242499,-3.595686302838243,0.15021922,4.1180677,-3.817629
431.0,-2.5728195,0.42718053,-5.5728197,-0.766085083951602,3.073426590588769,-4.6055967584919735,-0.9164606,3.206246,-5.039167
432.0,-1.5879729,1.4120271,-4.5879726,-2.0657702119705643,1.7737414625698067,-5.905281886510935,-2.3015337,1.9357548,-6.538822
433.0,-3.7352986,-0.73529863,-6.7352986,-3.281419078942422,0.558092595597949,-7.120930753482793,-3.3526907,1.0362802,-7.7416615
434.0,-4.9840274,-1.9840274,-7.9840274,-4.027020853483439,-0.18750917894306784,-7.86653252802381,-3.8223972,0.73544693,-8.380241
435.0,-4.990438,-1.990438,-7.990438,-4.0468863467589715,-0.2073746722186005,-7.8863980212993425,-3.7962399,0.74326515,-8.335745
436.0,-4.31332,-1.3133202,-7.31332,-3.311483769983947,0.5280279045564242,-7.150995444524318,-3.0877652,1.2088346,-7.384365
437.0,-2.5400038,0.45999622,-5.540004,-2.0300978607019893,1.8094138138383817,-5.86960953524236,-1.8515553,2.316113,-6.0192237
438.0,-1.484387,1.515613,-4.484387,-0.575389770294215,3.264121904246156,-4.414901444834586,-0.57784617,3.5547762,-4.7104683
439.0,0.09422329,3.0942233,-2.9057767,0.6516087080475599,4.491120382587931,-3.1879029664928114,0.6475052,4.779458,-3.4844475
440.0,0.885594,3.885594,-2.114406,1.3649603876454799,5.204472062185851,-2.474551286894891,1.4835058,5.622066,-2.6550546
441.0,1.056037,4.056037,-1.943963,1.4915593477898963,5.331071022330267,-2.347952326750475,1.3215334,5.480995,-2.8379285
442.0,0.6484416,3.6484416,-2.3515584,1.186527507615188,5.026039182155559,-2.652984166925183,0.8857352,4.936155,-3.1646845
443.0,0.6340476,3.6340475,-2.3659525,0.7611781173549381,4.600689791895309,-3.0783335571854327,0.43573806,4.4030747,-3.5315986
444.0,1.1737053,4.173705,-1.8262947,0.5518645970254749,4.3913762715658455,-3.287647077514896,0.14226058,4.1586084,-3.8740873
445.0,2.9047,5.9047003,-0.09529996,0.7805791626944947,4.620090837234866,-3.0589325118458763,0.3056889,4.2500825,-3.6387048
446.0,2.2622273,5.262227,-0.7377727,1.4612343392611835,5.300746013801555,-2.3782773352791873,1.1138494,5.145878,-2.9181788
447.0,2.6524386,5.6524386,-0.34756136,2.3879854042641426,6.227497078804514,-1.4515262702762284,2.4323883,6.520831,-1.6560545
448.0,3.2905905,6.2905903,0.29059052,3.21045428409711,7.049965958637481,-0.6290573904432608,3.3536544,7.531192,-0.82388306
449.0,3.0770154,6.0770154,0.0770154,3.567334962676602,7.406846637216973,-0.2721767118637688,3.474125,7.6814275,-0.73317766
450.0,3.825659,6.825659,0.82565904,3.22736311640088,7.066874790941251,-0.612148558139491,3.1300986,7.2866917,-1.0264947
451.0,3.5096838,6.5096836,0.50968385,2.1836169267997243,6.023128601340096,-1.6558947477406467,1.6749924,5.8918347,-2.5418496
452.0,3.3790493,6.3790493,0.3790493,0.6647554125206582,4.504267087061029,-3.174756262019713,0.375444,4.6748776,-3.9239898
453.0,-0.2528807,2.7471194,-3.2528806,-0.9416387941113352,2.897872880429036,-4.781150468651706,-0.9134882,3.3471224,-5.174099
454.0,-1.3155868,1.6844132,-4.315587,-2.2250029252631074,1.6145087492772636,-6.064514599803479,-1.9344282,2.327427,-6.1962833
455.0,-1.0583835,1.9416165,-4.0583835,-2.8958581146230142,0.9436535599173568,-6.735369789163386,-2.5472147,1.7839596,-6.8783894
456.0,-1.4183578,1.5816422,-4.418358,-2.883768671576712,0.9557430029636591,-6.7232803461170825,-2.4536266,1.8364916,-6.743745
457.0,-0.3052577,2.6947422,-3.3052578,-2.3525707630250228,1.4869409115153482,-6.192082437565394,-1.7700127,2.4345021,-5.974528
458.0,0.08678505,3.086785,-2.913215,-1.627788517498182,2.211723157042189,-5.467300192038553,-1.2278435,2.7910593,-5.246746
459.0,-0.4273216,2.5726783,-3.4273217,-1.0645898281140358,2.774921846426335,-4.904101502654407,-0.89268565,3.0501337,-4.835505
460.0,0.19866666,3.1986666,-2.8013334,-0.9072028094032631,2.9323088651371076,-4.746714483943634,-0.92912304,3.0914097,-4.9496555
461.0,-1.1289923,1.8710077,-4.128992,-1.1938001505430667,2.6457115239973046,-5.033311825083437,-1.3546687,2.678955,-5.3882923
462.0,-1.469006,1.530994,-4.469006,-1.7432972861684561,2.096214388371915,-5.582808960708827,-2.064201,2.0892212,-6.2176237
463.0,-2.6651814,0.3348186,-5.665181,-2.2290203631326637,1.6104913114077073,-6.068532037673035,-2.6197505,1.612514,-6.852015
464.0,-2.6886353,0.31136465,-5.6886353,-2.3108223545896585,1.5286893199507126,-6.150334029130029,-2.6621883,1.6142867,-6.9386635
465.0,-2.3531647,0.6468353,-5.3531647,-1.7747231167166435,2.0647885578237277,-5.614234791257014,-1.9930695,2.1319766,-6.118116
466.0,-0.8516181,2.148382,-3.851618,-0.6261242511261466,3.2133874234142246,-4.4656359256665175,-0.91100675,3.197005,-5.0190187
467.0,-0.6485514,2.3514485,-3.6485515,0.8997270074772936,4.739238682017665,-2.939784667063077,0.6928581,4.8150487,-3.4293323
468.0,0.31900513,3.319005,-2.680995,2.414808739144323,6.2543204136846935,-1.424702935396048,2.47373,6.6231794,-1.6757193
469.0,1.0074047,4.007405,-1.9925953,3.514295635864203,7.353807310404574,-0.3252160386761682,3.4896824,7.7110834,-0.7317188
470.0,2.7100356,5.7100353,-0.28996444,3.9202626510781697,7.75977432561854,0.08075097653779872,3.686676,7.95032,-0.5769677
471.0,3.2685008,6.268501,0.2685008,3.57891792715503,7.418429601695401,-0.2605937473853408,3.4040163,7.6125164,-0.8044841
472.0,2.8497257,5.8497257,-0.15027428,2.6747859562012044,6.514297630741575,-1.1647257183391666,2.4071798,6.445065,-1.6307054
473.0,0.72605526,3.7260551,-2.2739449,1.5568236765577352,5.396335351098106,-2.2826879979826358,1.2549771,5.340869,-2.8309145
474.0,0.2606533,3.2606533,-2.7393467,0.6049039488220592,4.44441562336243,-3.2346077257183117,0.5301099,4.6339397,-3.57372
475.0,-1.2407893,1.7592107,-4.2407894,0.08767964305591867,3.92719131759629,-3.751832031484452,0.13104738,4.127659,-3.865564
476.0,-0.584219,2.415781,-3.584219,0.06593335036683114,3.9054450249072024,-3.7735783241735397,0.12538725,4.108194,-3.8574193
477.0,0.3506937,3.3506937,-2.6493063,0.3779548676354508,4.2174665421758215,-3.46155680690492,0.4496428,4.417927,-3.5186412
478.0,0.97273535,3.9727354,-2.0272646,0.7119917594770085,4.55150343401738,-3.1275199150633624,0.7642796,4.785795,-3.2572358
479.0,1.3039286,4.3039284,-1.6960714,0.737428113247791,4.576939787788162,-3.10208356129258,0.71963245,4.7143226,-3.2750576
480.0,0.24117115,3.2411711,-2.7588289,0.24382537170212626,4.083337046242497,-3.595686302838245,0.16383989,4.130602,-3.802922
481.0,-0.49235532,2.5076447,-3.4923553,-0.7660850839516031,3.0734265905887677,-4.605596758491974,-0.9139023,3.1635942,-4.991399
482.0,-1.2901168,1.7098832,-4.290117,-2.065770211970565,1.7737414625698058,-5.905281886510936,-2.203558,2.0143447,-6.4214606
483.0,-2.4553792,0.54462075,-5.4553795,-3.2814190789424225,0.5580925955979485,-7.120930753482794,-3.3334806,1.0583127,-7.725274
484.0,-3.512346,-0.512346,-6.5123463,-4.027020853483439,-0.18750917894306784,-7.86653252802381,-3.801692,0.7215538,-8.324938
485.0,-2.6058087,0.39419127,-5.6058087,-4.0468863467589715,-0.2073746722186005,-7.8863980212993425,-3.7830665,0.7735784,-8.339711
486.0,-0.9738856,2.0261145,-3.9738855,-3.3114837699839472,0.5280279045564238,-7.150995444524318,-2.9235318,1.4498074,-7.296871
487.0,0.48960203,3.489602,-2.510398,-2.0300978607019893,1.8094138138383817,-5.86960953524236,-1.74627,2.4499824,-5.942522
488.0,1.2906893,4.2906895,-1.7093107,-0.575389770294215,3.264121904246156,-4.414901444834586,-0.52423394,3.627326,-4.6757936
489.0,3.4174376,6.4174376,0.41743755,0.6516087080475599,4.491120382587931,-3.1879029664928114,0.69179237,4.8471985,-3.4636135
490.0,3.3472974,6.3472977,0.34729743,1.3649603876454799,5.204472062185851,-2.474551286894891,1.4443558,5.6085052,-2.7197933
491.0,3.0962455,6.096246,0.09624553,1.4915593477898963,5.331071022330267,-2.347952326750475,1.2675583,5.4142227,-2.8791063
492.0,2.2103448,5.210345,-0.7896552,1.186527507615188,5.026039182155559,-2.652984166925183,0.79415387,4.9191885,-3.3308809
493.0,1.7910513,4.7910514,-1.2089487,0.7611781173549381,4.600689791895309,-3.0783335571854327,0.3403288,4.39029,-3.7096324
494.0,0.74254405,3.7425442,-2.2574558,0.5518645970254749,4.3913762715658455,-3.287647077514896,0.12124583,4.0761414,-3.8336496
495.0,-0.25668955,2.7433105,-3.2566895,0.7805791626944947,4.620090837234866,-3.0589325118458763,0.25305364,4.2149043,-3.7087972
496.0,1.5141236,4.5141234,-1.4858764,1.4612343392611835,5.300746013801555,-2.3782773352791873,1.1199822,5.1531444,-2.9131799
497.0,3.0325797,6.0325794,0.03257966,2.3879854042641426,6.227497078804514,-1.4515262702762284,2.3372545,6.4297915,-1.7552824
498.0,4.1607137,7.1607137,1.1607137,3.21045428409711,7.049965958637481,-0.6290573904432608,3.3361328,7.5213995,-0.84913373
499.0,4.808474,7.808474,1.8084741,3.567334962676602,7.406846637216973,-0.2721767118637688,3.5620594,7.799417,-0.6752982
