x,muTest,p3sigmaTest,m3sigmaTest,muPEM,p3sigmaPEM,m3sigmaPEM,muSTORN,p3sigmaSTORN,m3sigmaSTORN
0.0,0.0,3.0,-3.0,0.0,3.839511674540371,-3.839511674540371,-0.0047292565,2.5316942,-2.5411527
1.0,-0.88956743,2.1104326,-3.8895674,0.0,3.839511674540371,-3.839511674540371,-0.0317985,4.205641,-4.2692375
2.0,-0.44167915,2.5583208,-3.4416792,-0.8310524533235503,3.0084592212168206,-4.670564127863921,-0.88542336,4.338406,-6.1092525
3.0,-2.2502317,0.74976826,-5.2502317,-1.9548635805925794,1.8846480939477916,-5.79437525513295,-1.9939995,3.1361194,-7.1241183
4.0,-4.3823805,-1.3823805,-7.3823805,-2.918349478116048,0.9211621964243228,-6.757861152656419,-3.036128,1.9232821,-7.995538
5.0,-4.1729903,-1.1729903,-7.1729903,-3.3659605306780294,0.47355114386234165,-7.205472205218401,-3.4431372,1.410636,-8.29691
6.0,-4.4958205,-1.4958205,-7.4958205,-3.2051815123645806,0.6343301621757904,-7.044693186904952,-3.2987077,1.4604638,-8.057879
7.0,-3.1443086,-0.14430857,-6.1443086,-2.5706649627083147,1.2688467118320563,-6.410176637248686,-2.6224346,2.213696,-7.458565
8.0,-2.803202,0.19679809,-5.8032017,-1.7767958379867426,2.0627158365536284,-5.616307512527113,-2.0293262,2.5793755,-6.638028
9.0,-1.209488,1.790512,-4.209488,-1.1657633721118326,2.6737483024285384,-5.005275046652203,-1.5801612,2.8555784,-6.0159006
10.0,-0.9821213,2.0178788,-3.9821212,-0.9762868788638623,2.8632247956765084,-4.815798553404234,-1.5379485,2.7642026,-5.8401
11.0,-0.8735051,2.126495,-3.873505,-1.2407318375279577,2.5987798370124136,-5.0802435120683285,-1.7669947,2.8769634,-6.4109526
12.0,-1.0858275,1.9141725,-4.0858274,-1.7753282156045307,2.0641834589358403,-5.614839890144902,-2.370398,2.105412,-6.846208
13.0,-0.6515674,2.3484325,-3.6515675,-2.250789737200675,1.5887219373396961,-6.090301411741046,-2.8053122,1.6695518,-7.280176
14.0,0.39628863,3.3962886,-2.6037114,-2.325674141271223,1.513837533269148,-6.1651858158115935,-2.8008468,1.6884205,-7.2901144
15.0,1.0589579,4.058958,-1.9410421,-1.7848205212999535,2.0546911532404177,-5.624332195840324,-2.153352,2.4931161,-6.79982
16.0,1.2485446,4.2485447,-1.7514554,-0.6330108102780273,3.2065008642623436,-4.472522484818398,-1.0428873,3.361476,-5.4472504
17.0,1.4919018,4.491902,-1.5080982,0.8950436160214732,4.734555290561844,-2.944468058518898,0.7544756,4.867293,-3.3583417
18.0,3.025071,6.025071,0.025070906,2.4116154538876833,6.251127128428054,-1.4278962206526877,2.7450535,6.93939,-1.4492829
19.0,5.1884804,8.18848,2.1884804,3.512123432990169,7.35163510753054,-0.3273882415502021,3.7092974,8.216385,-0.7977903
20.0,5.285266,8.285266,2.285266,3.9187818971420065,7.758293571682378,0.07927022260163552,3.9832451,8.696608,-0.73011756
21.0,3.5635426,6.5635424,0.5635426,3.5779104587095727,7.417422133249944,-0.2616012158307983,3.686202,8.115845,-0.7434411
22.0,2.1250286,5.1250286,-0.8749714,2.674099305151367,6.513610979691737,-1.1654123693890042,2.812274,6.92994,-1.3053923
23.0,0.3680293,3.3680294,-2.6319706,1.5563564201741036,5.395868094714475,-2.2831552543662674,1.6245795,5.774964,-2.525805
24.0,0.077724285,3.0777242,-2.9222758,0.6045855320991546,4.444097206639525,-3.2349261424412163,0.68379444,4.97265,-3.605061
25.0,0.46214706,3.462147,-2.537853,0.08746293599958482,3.926974610539956,-3.752048738540786,0.29522738,4.5610976,-3.9706428
26.0,0.31934154,3.3193417,-2.6806583,0.06578569097899992,3.905297365519371,-3.7737259835613712,0.38750938,4.7477155,-3.9726968
27.0,1.063445,4.063445,-1.936555,0.37785436303379616,4.217366037574167,-3.461657311506575,0.7399724,4.925863,-3.4459178
28.0,-0.019906865,2.9800932,-3.0199068,0.7119232846867704,4.551434959227142,-3.1275883898536008,1.0095078,5.1576085,-3.1385932
29.0,0.34425616,3.3442562,-2.6557438,0.737381501563076,4.576893176103447,-3.102130172977295,0.93714046,4.9741535,-3.0998726
30.0,-0.46128184,2.5387182,-3.4612818,0.24379361729438867,4.08330529183476,-3.5957180572459824,0.24298936,4.3487253,-3.8627465
31.0,-0.8627868,2.1372132,-3.8627868,-0.7661067011960321,3.073404973344339,-4.6056183757364035,-1.0041506,3.2506602,-5.2589617
32.0,-0.4717086,2.5282915,-3.4717085,-2.065784937819184,1.773726736721187,-5.905296612359555,-2.3234832,1.9711015,-6.6180677
33.0,-1.7501334,1.2498666,-4.7501335,-3.2814291043753783,0.5580825701649927,-7.120940778915749,-3.3588336,0.90270877,-7.6203756
34.0,-1.722486,1.277514,-4.722486,-4.027027682514988,-0.18751600797461698,-7.866539357055359,-3.970023,0.27046084,-8.210506
35.0,-2.4547007,0.5452993,-5.4547005,-4.0468909962316255,-0.2073793216912545,-7.8864026707719965,-3.9482527,0.31452417,-8.211029
36.0,-4.056291,-1.0562911,-7.056291,-3.311486936924703,0.5280247376156679,-7.150998611465074,-3.0686886,1.4067996,-7.544177
37.0,-1.7990876,1.2009124,-4.7990875,-2.030100016968385,1.809411657571986,-5.869611691508756,-2.1316514,2.0556126,-6.3189154
38.0,-0.7296715,2.2703285,-3.7296715,-0.5753912389581495,3.2641204355822215,-4.414902913498521,-0.7969842,3.3638892,-4.9578576
39.0,-0.051054318,2.9489458,-3.0510542,0.6516077080484436,4.491119382588814,-3.1879039664919273,0.5633486,4.615322,-3.4886248
40.0,0.5079067,3.5079067,-2.4920933,1.3649597065526715,5.204471381093042,-2.4745519679876997,1.4189086,5.541675,-2.703858
41.0,1.2083645,4.2083645,-1.7916355,1.491558884027456,5.331070558567827,-2.347952790512915,1.5168506,5.786901,-2.7532
42.0,1.6091746,4.6091747,-1.3908254,1.1865271917576192,5.0260388662979905,-2.6529844827827516,1.1553,5.465264,-3.1546636
43.0,0.19608514,3.1960852,-2.8039148,0.7611779022796542,4.6006895768200256,-3.078333772260717,0.6941115,5.101898,-3.7136753
44.0,-0.3237231,2.676277,-3.323723,0.5518644505458532,4.391376125086224,-3.287647223994518,0.41183737,4.614522,-3.790847
45.0,-0.04014994,2.95985,-3.04015,0.7805790629509965,4.620090737491368,-3.0589326115893742,0.668361,5.081228,-3.7445056
46.0,0.6508421,3.6508422,-2.3491578,1.4612342713308273,5.300745945871198,-2.3782774032095437,1.4914192,5.7149835,-2.7321448
47.0,1.0537872,4.053787,-1.9462128,2.3879853580070862,6.227497032547458,-1.4515263165332848,2.6412306,6.8288107,-1.5463495
48.0,1.6050042,4.6050043,-1.3949958,3.2104542525941615,7.049965927134533,-0.6290574219462095,3.5794203,7.9876966,-0.82885575
49.0,1.5759705,4.5759706,-1.4240295,3.5673349412244524,7.406846615764824,-0.27217673331591863,3.7995758,8.324832,-0.72568035
50.0,1.705666,4.705666,-1.294334,3.2273631017912563,7.066874776331627,-0.6121485727491147,3.4845064,7.886937,-0.91792417
51.0,0.5849401,3.58494,-2.41506,2.18361691685109,6.023128591391461,-1.655894757689281,2.3459013,6.5550528,-1.8632505
52.0,-0.4799128,2.5200872,-3.4799128,0.6647554057453734,4.504267080285745,-3.1747562687949977,0.7505098,5.0514636,-3.5504441
53.0,-0.8722666,2.1277335,-3.8722665,-0.9416387987250999,2.897872875815271,-4.781150473265471,-1.1204638,2.9736924,-5.21462
54.0,-1.2838287,1.7161713,-4.2838287,-2.2250029284051798,1.6145087461351912,-6.06451460294555,-2.3738735,1.7472279,-6.494975
55.0,-0.70488626,2.2951138,-3.7048862,-2.895858116762686,0.9436535577776852,-6.735369791303057,-2.9411623,1.2127984,-7.0951233
56.0,-1.0419159,1.9580841,-4.041916,-2.883768673033865,0.955743001506506,-6.723280347574236,-2.7698681,1.5316689,-7.0714054
57.0,-0.9024093,2.0975907,-3.9024093,-2.3525707640173126,1.4869409105230584,-6.192082438557684,-2.2849562,1.9813187,-6.5512314
58.0,0.90994686,3.909947,-2.090053,-1.6277885181739449,2.211723156366426,-5.467300192714315,-1.7222157,2.4961796,-5.940611
59.0,0.24260293,3.2426028,-2.7573972,-1.064589828574218,2.774921845966153,-4.904101503114589,-1.3668044,2.8130133,-5.5466223
60.0,-0.021464944,2.9785352,-3.0214648,-0.907202809716652,2.932308864823719,-4.746714484257023,-1.301653,2.8916564,-5.494962
61.0,-1.1148924,1.8851076,-4.1148925,-1.19380015075648,2.6457115237838913,-5.033311825296851,-1.6787494,2.5622754,-5.9197745
62.0,-1.2724137,1.7275863,-4.2724137,-1.7432972863137923,2.0962143882265787,-5.582808960854163,-2.2594104,2.0931878,-6.6120086
63.0,-2.435698,0.56430197,-5.435698,-2.2290203632316357,1.6104913113087354,-6.068532037772007,-2.7340372,1.5684016,-7.036476
64.0,-2.862706,0.13729405,-5.862706,-2.3108223546570588,1.5286893198833122,-6.150334029197429,-2.5976946,1.9250228,-7.120412
65.0,-3.0488796,-0.048879623,-6.0488796,-1.7747231167625424,2.0647885577778284,-5.614234791302914,-2.0530963,2.3024416,-6.408634
66.0,-1.6496161,1.3503839,-4.6496162,-0.626124251157404,3.213387423382967,-4.465635925697775,-1.0216022,3.1401238,-5.183328
67.0,0.44953308,3.449533,-2.550467,0.8997270074560076,4.739238681996379,-2.9397846670843633,0.7056004,4.725333,-3.3141327
68.0,1.9884981,4.988498,-1.0115019,2.414808739129827,6.254320413670198,-1.424702935410544,2.564784,6.720651,-1.591083
69.0,2.6429005,5.6429005,-0.35709953,3.514295635854331,7.353807310394702,-0.3252160386860399,3.6939933,8.131948,-0.74396205
70.0,3.8840735,6.8840733,0.8840735,3.9202626510714476,7.759774325611819,0.08075097653107655,3.9918702,8.5699,-0.58615947
71.0,2.5114033,5.511403,-0.48859668,3.5789179271504525,7.418429601690823,-0.2605937473899185,3.7327144,8.264253,-0.7988236
72.0,1.7173253,4.717325,-1.2826747,2.6747859561980865,6.514297630738458,-1.1647257183422846,2.8727403,6.978516,-1.2330356
73.0,1.063946,4.063946,-1.936054,1.5568236765556116,5.396335351095983,-2.2826879979847594,1.7419112,5.761236,-2.2774136
74.0,1.9113387,4.911339,-1.0886613,0.6049039488206129,4.4444156233609835,-3.234607725719758,0.7359594,4.816584,-3.344665
75.0,1.0827506,4.0827503,-1.9172494,0.08767964305493378,3.927191317595305,-3.751832031485437,0.27751198,4.453617,-3.898593
76.0,0.42648852,3.4264884,-2.5735116,0.0659333503661592,3.90544502490653,-3.773578324174212,0.29207152,4.4158993,-3.8317564
77.0,1.095021,4.0950212,-1.904979,0.37795486763499325,4.217466542175364,-3.461556806905378,0.68679214,4.894169,-3.5205848
78.0,1.1750932,4.175093,-1.8249068,0.7119917594766969,4.551503434017068,-3.127519915063674,0.963179,5.0435843,-3.1172261
79.0,1.3833191,4.383319,-1.6166809,0.7374281132475788,4.57693978778795,-3.102083561292792,0.9391937,5.2208,-3.3424125
80.0,1.2666128,4.266613,-1.7333872,0.24382537170198165,4.083337046242352,-3.595686302838389,0.2206084,4.421372,-3.9801552
81.0,0.2847081,3.284708,-2.715292,-0.7660850839517015,3.0734265905886695,-4.605596758492073,-0.9960754,3.3274987,-5.3196497
82.0,-1.9992367,1.0007633,-4.9992366,-2.0657702119706323,1.7737414625697387,-5.905281886511004,-2.3928785,1.8410635,-6.6268206
83.0,-3.8955183,-0.8955183,-6.8955183,-3.2814190789424673,0.5580925955979037,-7.120930753482838,-3.4587562,0.77259374,-7.6901064
84.0,-4.6512995,-1.6512995,-7.6512995,-4.027020853483471,-0.18750917894309982,-7.866532528023842,-4.0119495,0.20914459,-8.233044
85.0,-3.4718733,-0.47187328,-6.4718733,-4.046886346758993,-0.20737467221862182,-7.886398021299364,-3.872428,0.37606144,-8.120917
86.0,-2.3823938,0.61760616,-5.382394,-3.3114837699839614,0.5280279045564096,-7.150995444524332,-3.2323196,0.9909327,-7.455572
87.0,0.62776315,3.6277633,-2.3722367,-2.030097860701999,1.809413813838372,-5.86960953524237,-2.1686356,2.031346,-6.368617
88.0,1.1443375,4.1443377,-1.8556625,-0.5753897702942218,3.2641219042461493,-4.414901444834593,-0.8665819,3.2201862,-4.95335
89.0,1.2550017,4.2550015,-1.7449983,0.6516087080475553,4.491120382587926,-3.187902966492816,0.45965543,4.481578,-3.562267
90.0,2.0591805,5.0591803,-0.9408195,1.3649603876454768,5.204472062185848,-2.4745512868948945,1.3269953,5.479622,-2.8256311
91.0,2.1693678,5.169368,-0.8306322,1.4915593477898939,5.331071022330265,-2.347952326750477,1.44835,5.677355,-2.780655
92.0,1.7988251,4.7988253,-1.2011749,1.1865275076151862,5.026039182155557,-2.652984166925185,1.0590001,5.239961,-3.121961
93.0,-0.028350208,2.97165,-3.02835,0.7611781173549369,4.600689791895308,-3.078333557185434,0.6131073,4.799281,-3.5730667
94.0,-0.42225683,2.577743,-3.422257,0.551864597025474,4.391376271565845,-3.287647077514897,0.36370638,4.6502767,-3.9228637
95.0,0.7011075,3.7011075,-2.2988925,0.7805791626944941,4.620090837234865,-3.058932511845877,0.6660878,4.9044433,-3.5722678
96.0,2.709009,5.709009,-0.29099107,1.461234339261183,5.300746013801554,-2.378277335279188,1.503498,5.744856,-2.7378597
97.0,3.3531294,6.3531294,0.3531294,2.387985404264142,6.227497078804513,-1.4515262702762288,2.554009,6.890761,-1.782743
98.0,3.01302,6.01302,0.013020039,3.2104542840971098,7.049965958637481,-0.6290573904432613,3.5307634,8.0211,-0.95957303
99.0,4.5739136,7.5739136,1.5739136,3.567334962676602,7.406846637216973,-0.2721767118637688,3.794117,8.316759,-0.72852516
100.0,4.8722258,7.8722258,1.8722258,3.22736311640088,7.066874790941251,-0.612148558139491,3.4569936,8.012737,-1.0987501
101.0,2.8687193,5.868719,-0.13128066,2.1836169267997194,6.02312860134009,-1.6558947477406516,2.3724,6.665661,-1.9208605
102.0,0.2956776,3.2956777,-2.7043223,0.6647554125206553,4.504267087061026,-3.1747562620197156,0.67732096,4.929901,-3.5752592
103.0,-1.5044919,1.4955081,-4.504492,-0.9416387941113373,2.8978728804290337,-4.781150468651708,-0.97620803,3.2831104,-5.2355266
104.0,-2.0746725,0.92532754,-5.0746727,-2.225002925263109,1.6145087492772618,-6.064514599803481,-2.2210088,1.9599099,-6.4019275
105.0,-2.0190518,0.9809482,-5.0190516,-2.8958581146230156,0.9436535599173554,-6.735369789163387,-2.728376,1.5273633,-6.984115
106.0,-0.89663506,2.103365,-3.896635,-2.883768671576713,0.9557430029636582,-6.723280346117084,-2.5754783,1.759896,-6.9108524
107.0,-1.8177409,1.1822591,-4.817741,-2.352570763025023,1.4869409115153478,-6.192082437565395,-2.1196787,2.1942585,-6.4336157
108.0,-2.2019734,0.79802656,-5.2019734,-1.6277885174981823,2.2117231570421887,-5.467300192038554,-1.5901588,2.6580105,-5.8383284
109.0,-1.0028208,1.9971792,-4.002821,-1.064589828114036,2.774921846426335,-4.904101502654407,-1.2087442,3.024455,-5.441943
110.0,-1.02072,1.97928,-4.02072,-0.9072028094032633,2.9323088651371076,-4.746714483943634,-1.2158165,2.9476695,-5.3793025
111.0,-1.2340754,1.7659246,-4.2340755,-1.1938001505430669,2.645711523997304,-5.033311825083437,-1.567702,2.8284304,-5.963835
112.0,-2.6612523,0.33874774,-5.661252,-1.7432972861684566,2.0962143883719144,-5.582808960708828,-2.1276572,2.293371,-6.548685
113.0,-2.3684452,0.63155484,-5.3684454,-2.2290203631326637,1.6104913114077073,-6.068532037673035,-2.5431018,1.9027252,-6.988929
114.0,-2.5259752,0.47402477,-5.525975,-2.310822354589658,1.528689319950713,-6.150334029130029,-2.5315216,1.9033186,-6.966362
115.0,-1.410718,1.589282,-4.410718,-1.7747231167166435,2.0647885578237277,-5.614234791257014,-1.9664309,2.5077293,-6.440591
116.0,-0.45657393,2.543426,-3.456574,-0.6261242511261466,3.2133874234142246,-4.4656359256665175,-0.8770264,3.4951417,-5.2491946
117.0,0.4563713,3.4563713,-2.5436287,0.8997270074772936,4.739238682017665,-2.939784667063077,0.8411333,4.8647666,-3.1825001
118.0,1.5370433,4.5370436,-1.4629567,2.414808739144323,6.2543204136846935,-1.424702935396048,2.5066605,6.648022,-1.6347013
119.0,2.7031934,5.7031937,-0.29680657,3.514295635864203,7.353807310404574,-0.3252160386761682,3.7164955,8.0595665,-0.626575
120.0,4.3998027,7.3998027,1.3998027,3.9202626510781697,7.75977432561854,0.08075097653779872,4.028427,8.583214,-0.52635956
121.0,3.9502578,6.950258,0.9502578,3.57891792715503,7.418429601695401,-0.2605937473853408,3.7718925,8.212517,-0.6687312
122.0,3.3733118,6.373312,0.37331176,2.6747859562012044,6.514297630741575,-1.1647257183391666,2.8989763,7.019489,-1.2215362
123.0,2.0263152,5.026315,-0.9736848,1.5568236765577352,5.396335351098106,-2.2826879979826358,1.6319709,5.973352,-2.7094102
124.0,0.57435316,3.5743532,-2.4256468,0.6049039488220592,4.44441562336243,-3.2346077257183117,0.74128044,4.893036,-3.4104748
125.0,1.2811232,4.281123,-1.7188768,0.08767964305591867,3.92719131759629,-3.751832031484452,0.33672723,4.4447656,-3.7713113
126.0,0.30905095,3.309051,-2.690949,0.06593335036682565,3.9054450249071966,-3.7735783241735454,0.4052513,4.464089,-3.6535861
127.0,0.13531971,3.1353197,-2.8646803,0.3779548676354473,4.217466542175818,-3.4615568069049236,0.66134167,4.7079463,-3.385263
128.0,-0.16212012,2.83788,-3.16212,0.7119917594770059,4.551503434017377,-3.127519915063365,0.97770107,5.1656513,-3.210249
129.0,1.0546844,4.0546846,-1.9453156,0.7374281132477893,4.57693978778816,-3.1020835612925817,0.91878587,5.0082483,-3.1706765
130.0,-0.18920474,2.8107953,-3.1892047,0.2438253717021251,4.083337046242496,-3.5956863028382458,0.27304715,4.538233,-3.9921386
131.0,-1.4159305,1.5840695,-4.4159307,-0.7660850839516038,3.073426590588767,-4.605596758491975,-1.0293773,3.1636734,-5.2224283
132.0,-3.478006,-0.4780059,-6.478006,-2.065770211970566,1.773741462569805,-5.905281886510937,-2.325697,1.9327898,-6.5841837
133.0,-3.5736775,-0.57367754,-6.5736775,-3.281419078942423,0.5580925955979481,-7.120930753482794,-3.4542992,0.7552264,-7.663825
134.0,-3.684689,-0.68468904,-6.684689,-4.027020853483441,-0.18750917894306962,-7.866532528023812,-4.059076,0.16427422,-8.282426
135.0,-4.3405437,-1.3405437,-7.3405437,-4.046886346758972,-0.2073746722186014,-7.886398021299343,-3.9919782,0.25953293,-8.243489
136.0,-4.565827,-1.5658269,-7.565827,-3.3114837699839472,0.5280279045564238,-7.150995444524318,-3.195411,1.1660206,-7.556843
137.0,-2.8744762,0.1255238,-5.8744764,-2.0300978607019897,1.8094138138383813,-5.869609535242361,-2.1680377,2.0545456,-6.390621
138.0,-1.1388471,1.8611529,-4.1388474,-0.5753897702942153,3.2641219042461556,-4.4149014448345865,-0.8602543,3.1879468,-4.9084554
139.0,0.56025416,3.560254,-2.439746,0.6516087080475598,4.491120382587931,-3.1879029664928114,0.42093775,4.6274014,-3.785526
140.0,0.8713307,3.8713307,-2.1286693,1.3649603876454799,5.204472062185851,-2.474551286894891,1.308669,5.5341988,-2.9168606
141.0,1.2083759,4.208376,-1.7916241,1.491559347789896,5.331071022330267,-2.347952326750475,1.37753,5.6773543,-2.9222941
142.0,0.26669657,3.2666965,-2.7333035,1.1865275076151875,5.026039182155559,-2.6529841669251835,1.0292565,5.177813,-3.1193004
143.0,0.5296411,3.5296412,-2.4703588,0.7611781173549379,4.600689791895309,-3.078333557185433,0.5358168,4.719647,-3.6480136
144.0,0.69063187,3.6906319,-2.3093681,0.5518645970254746,4.3913762715658455,-3.2876470775148965,0.27063656,4.4785814,-3.9373083
145.0,0.8712405,3.8712406,-2.1287594,0.7805791626944945,4.620090837234866,-3.0589325118458763,0.5517093,4.7491817,-3.6457634
146.0,2.167203,5.167203,-0.83279705,1.4612343392611833,5.300746013801554,-2.3782773352791877,1.4216864,5.6084805,-2.7651079
147.0,2.6361268,5.6361265,-0.36387324,2.3879854042641426,6.227497078804514,-1.4515262702762284,2.5976822,6.8268604,-1.6314957
148.0,2.2806616,5.2806616,-0.7193384,3.21045428409711,7.049965958637481,-0.6290573904432608,3.5525682,7.9436636,-0.83852744
149.0,3.1234112,6.123411,0.12341118,3.567334962676602,7.406846637216973,-0.2721767118637688,3.8335567,8.343427,-0.6763134
150.0,3.6893632,6.6893635,0.68936324,3.22736311640088,7.066874790941251,-0.612148558139491,3.5119274,7.909314,-0.88545966
151.0,2.2720582,5.2720585,-0.72794175,2.1836169267997283,6.023128601340099,-1.6558947477406427,2.3678555,6.4991603,-1.7634492
152.0,2.0900722,5.090072,-0.90992785,0.664755412520661,4.504267087061032,-3.1747562620197103,0.68937945,4.9527197,-3.5739605
153.0,0.6478382,3.647838,-2.352162,-0.9416387941113333,2.8978728804290377,-4.781150468651704,-0.9123635,3.2712145,-5.0959415
154.0,-0.59719616,2.402804,-3.597196,-2.2250029252631065,1.6145087492772645,-6.064514599803477,-2.1848211,1.9426947,-6.312337
155.0,-1.8780855,1.1219145,-4.8780856,-2.8958581146230133,0.9436535599173577,-6.735369789163384,-2.6802433,1.5438406,-6.9043274
156.0,-3.046913,-0.04691291,-6.046913,-2.8837686715767115,0.9557430029636595,-6.7232803461170825,-2.659559,1.5775197,-6.896638
157.0,-2.4051902,0.5948098,-5.4051905,-2.3525707630250223,1.4869409115153487,-6.192082437565393,-2.1613786,2.1016352,-6.4243927
158.0,-1.9046717,1.0953283,-4.9046717,-1.627788517498182,2.211723157042189,-5.467300192038553,-1.6241391,2.55597,-5.804248
159.0,0.039930545,3.0399306,-2.9600694,-1.0645898281140358,2.774921846426335,-4.904101502654407,-1.2682409,2.8147383,-5.35122
160.0,0.4783664,3.4783664,-2.5216336,-0.9072028094032631,2.9323088651371076,-4.746714483943634,-1.2084502,2.9878817,-5.4047823
161.0,-0.85802,2.14198,-3.85802,-1.1938001505430667,2.6457115239973046,-5.033311825083437,-1.5695398,2.8415139,-5.9805937
162.0,-1.4942178,1.5057822,-4.494218,-1.7432972861684561,2.096214388371915,-5.582808960708827,-2.0928915,2.3662293,-6.5520124
163.0,-3.3987844,-0.3987844,-6.3987846,-2.2290203631326637,1.6104913114077073,-6.068532037673035,-2.4088912,2.1088443,-6.9266267
164.0,-1.9095249,1.0904751,-4.909525,-2.3108223545896585,1.5286893199507126,-6.150334029130029,-2.4167132,2.0325475,-6.865974
165.0,-1.2515776,1.7484224,-4.2515774,-1.7747231167166435,2.0647885578237277,-5.614234791257014,-1.8141595,2.6464148,-6.2747335
166.0,-0.35775238,2.6422477,-3.3577523,-0.6261242511261466,3.2133874234142246,-4.4656359256665175,-0.8100994,3.4635699,-5.083769
167.0,0.42005888,3.420059,-2.579941,0.8997270074772936,4.739238682017665,-2.939784667063077,0.86112875,4.896496,-3.1742382
168.0,0.7679001,3.7679,-2.2321,2.414808739144323,6.2543204136846935,-1.424702935396048,2.7240145,6.886301,-1.4382718
169.0,2.738476,5.738476,-0.26152396,3.514295635864203,7.353807310404574,-0.3252160386761682,3.8293445,8.226395,-0.5677054
170.0,2.8181307,5.8181305,-0.18186927,3.9202626510781697,7.75977432561854,0.08075097653779872,4.044573,8.629589,-0.5404434
171.0,3.5591383,6.5591383,0.5591383,3.57891792715503,7.418429601695401,-0.2605937473853408,3.784414,8.232647,-0.6638191
172.0,3.2973297,6.29733,0.29732966,2.6747859562012044,6.514297630741575,-1.1647257183391666,2.9530683,7.169522,-1.2633853
173.0,3.3383858,6.3383856,0.33838582,1.5568236765577352,5.396335351098106,-2.2826879979826358,1.7861587,5.8572025,-2.2848854
174.0,1.9660883,4.9660883,-1.0339117,0.6049039488220592,4.44441562336243,-3.2346077257183117,0.81055695,4.988188,-3.367074
175.0,1.7109512,4.7109513,-1.2890488,0.08767964305591867,3.92719131759629,-3.751832031484452,0.37530062,4.555211,-3.80461
176.0,1.0756443,4.0756445,-1.9243557,0.06593335036683551,3.9054450249072064,-3.7735783241735357,0.3256892,4.411195,-3.7598162
177.0,0.26818967,3.2681897,-2.7318103,0.3779548676354536,4.217466542175824,-3.4615568069049174,0.6091192,4.6698637,-3.451625
178.0,1.5235794,4.5235796,-1.4764206,0.7119917594770104,4.5515034340173814,-3.1275199150633606,0.8814949,4.9507923,-3.1878023
179.0,0.4024179,3.402418,-2.597582,0.7374281132477923,4.576939787788163,-3.1020835612925786,0.82831186,4.94547,-3.288846
180.0,-0.109964445,2.8900356,-3.1099644,0.2438253717021271,4.083337046242498,-3.595686302838244,0.2731974,4.6454945,-4.099099
181.0,-1.1339352,1.8660648,-4.133935,-0.7660850839516025,3.0734265905887685,-4.6055967584919735,-1.0015692,3.277639,-5.2807775
182.0,-2.737171,0.26282907,-5.737171,-2.065770211970565,1.7737414625698058,-5.905281886510936,-2.2480643,2.0066278,-6.502756
183.0,-2.2547476,0.7452524,-5.2547474,-3.2814190789424225,0.5580925955979485,-7.120930753482794,-3.4269657,0.7643328,-7.618264
184.0,-3.2765038,-0.2765038,-6.2765036,-4.027020853483439,-0.18750917894306784,-7.86653252802381,-3.9391935,0.2700956,-8.148482
185.0,-3.2135408,-0.21354079,-6.213541,-4.0468863467589715,-0.2073746722186005,-7.8863980212993425,-3.9829333,0.24073815,-8.206605
186.0,-2.3021164,0.6978836,-5.3021164,-3.3114837699839472,0.5280279045564238,-7.150995444524318,-3.2993898,0.92782974,-7.5266094
187.0,-1.7522362,1.2477638,-4.7522364,-2.0300978607019893,1.8094138138383817,-5.86960953524236,-2.219889,2.1268232,-6.566601
188.0,0.15571503,3.155715,-2.844285,-0.575389770294215,3.264121904246156,-4.414901444834586,-0.91750395,3.2009964,-5.036004
189.0,1.6040609,4.604061,-1.3959391,0.6516087080475599,4.491120382587931,-3.1879029664928114,0.38768616,4.605958,-3.8305855
190.0,2.544211,5.544211,-0.4557891,1.3649603876454799,5.204472062185851,-2.474551286894891,1.1646291,5.4194717,-3.0902138
191.0,2.6703067,5.6703067,-0.32969332,1.4915593477898963,5.331071022330267,-2.347952326750475,1.3162322,5.847841,-3.2153764
192.0,0.75001156,3.7500114,-2.2499886,1.186527507615188,5.026039182155559,-2.652984166925183,0.9960407,5.261383,-3.2693014
193.0,0.09107645,3.0910764,-2.9089236,0.7611781173549381,4.600689791895309,-3.0783335571854327,0.56892765,4.999427,-3.8615713
194.0,-0.10358126,2.8964188,-3.1035812,0.5518645970254749,4.3913762715658455,-3.287647077514896,0.42661655,4.8967257,-4.0434923
195.0,0.13382962,3.1338296,-2.8661704,0.7805791626944947,4.620090837234866,-3.0589325118458763,0.6277979,4.7972994,-3.5417035
196.0,0.14473858,3.1447387,-2.8552613,1.4612343392611835,5.300746013801555,-2.3782773352791873,1.4267192,5.7925906,-2.9391522
197.0,3.1550064,6.1550064,0.15500641,2.3879854042641426,6.227497078804514,-1.4515262702762284,2.5913744,6.786727,-1.6039782
198.0,3.4582396,6.4582396,0.45823956,3.21045428409711,7.049965958637481,-0.6290573904432608,3.5667512,7.9622364,-0.82873416
199.0,3.5754397,6.5754395,0.5754397,3.567334962676602,7.406846637216973,-0.2721767118637688,3.8142662,8.396641,-0.76810884
200.0,3.70503,6.70503,0.70502996,3.22736311640088,7.066874790941251,-0.612148558139491,3.4993606,7.982134,-0.98341274
201.0,2.2502284,5.2502284,-0.7497716,2.183616926799723,6.023128601340094,-1.655894747740648,2.3893402,6.4856434,-1.7069628
202.0,0.7120111,3.712011,-2.287989,0.6647554125206574,4.504267087061028,-3.174756262019714,0.70151687,5.0064545,-3.6034205
203.0,-0.90498716,2.095013,-3.904987,-0.9416387941113358,2.897872880429035,-4.781150468651707,-1.0194784,3.1524162,-5.191373
204.0,-1.4205314,1.5794686,-4.4205313,-2.225002925263108,1.6145087492772632,-6.064514599803479,-2.24008,1.8947399,-6.3749
205.0,-2.8187041,0.18129587,-5.818704,-2.8958581146230147,0.9436535599173563,-6.735369789163386,-2.8525338,1.3026266,-7.0076942
206.0,-1.7571071,1.2428929,-4.7571073,-2.8837686715767124,0.9557430029636587,-6.723280346117083,-2.7469566,1.5202081,-7.014121
207.0,-0.5807108,2.419289,-3.580711,-2.352570763025023,1.4869409115153478,-6.192082437565395,-2.1829612,2.2323625,-6.5982847
208.0,-0.14373808,2.856262,-3.143738,-1.6277885174981823,2.2117231570421887,-5.467300192038554,-1.6245793,2.6841307,-5.9332895
209.0,1.0547358,4.0547357,-1.9452642,-1.064589828114036,2.774921846426335,-4.904101502654407,-1.2502056,3.0083594,-5.5087705
210.0,2.0079033,5.007903,-0.99209666,-0.9072028094032633,2.9323088651371076,-4.746714483943634,-1.2340983,2.958847,-5.427044
211.0,1.443401,4.443401,-1.556599,-1.1938001505430669,2.645711523997304,-5.033311825083437,-1.5472243,2.9153812,-6.0098295
212.0,0.33335945,3.3333595,-2.6666405,-1.7432972861684566,2.0962143883719144,-5.582808960708828,-2.1782763,2.1744626,-6.5310154
213.0,-0.76695067,2.2330494,-3.7669506,-2.2290203631326637,1.6104913114077073,-6.068532037673035,-2.6172454,1.7328904,-6.9673815
214.0,-1.4344059,1.5655941,-4.434406,-2.310822354589658,1.528689319950713,-6.150334029130029,-2.5423012,1.8828173,-6.9674196
215.0,-1.2217808,1.7782192,-4.221781,-1.7747231167166435,2.0647885578237277,-5.614234791257014,-2.034936,2.2202435,-6.2901154
216.0,-1.0638726,1.9361274,-4.0638723,-0.6261242511261466,3.2133874234142246,-4.4656359256665175,-0.9874718,3.1698143,-5.144758
217.0,1.9790248,4.979025,-1.0209752,0.8997270074772936,4.739238682017665,-2.939784667063077,0.6767411,4.7240853,-3.370603
218.0,2.9497018,5.949702,-0.050298214,2.414808739144323,6.2543204136846935,-1.424702935396048,2.614015,6.7552557,-1.5272255
219.0,3.709485,6.709485,0.70948505,3.514295635864203,7.353807310404574,-0.3252160386761682,3.767766,8.136218,-0.6006861
220.0,5.471448,8.471448,2.471448,3.9202626510781697,7.75977432561854,0.08075097653779872,4.006848,8.565947,-0.5522504
221.0,5.6879497,8.68795,2.6879497,3.57891792715503,7.418429601695401,-0.2605937473853408,3.795776,8.270242,-0.67868996
222.0,4.312869,7.312869,1.3128691,2.6747859562012044,6.514297630741575,-1.1647257183391666,2.806335,7.059365,-1.4466949
223.0,2.6259775,5.6259775,-0.37402248,1.5568236765577352,5.396335351098106,-2.2826879979826358,1.7008803,5.9507437,-2.5489833
224.0,1.1541202,4.1541204,-1.8458798,0.6049039488220592,4.44441562336243,-3.2346077257183117,0.7617294,4.883438,-3.3599794
225.0,0.43482697,3.4348269,-2.5651731,0.08767964305591867,3.92719131759629,-3.751832031484452,0.26571023,4.4317675,-3.9003468
226.0,1.31264,4.31264,-1.68736,0.06593335036683479,3.905445024907206,-3.773578324173536,0.3598611,4.498226,-3.7785041
227.0,1.5633705,4.5633707,-1.4366295,0.3779548676354531,4.217466542175824,-3.461556806904918,0.6836108,4.6722937,-3.3050723
228.0,1.167504,4.167504,-1.832496,0.7119917594770102,4.5515034340173814,-3.1275199150633606,0.95917964,4.9675198,-3.0491607
229.0,2.1904292,5.190429,-0.8095708,0.7374281132477921,4.576939787788163,-3.102083561292579,0.8758102,4.915173,-3.1635528
230.0,1.4422674,4.4422674,-1.5577326,0.24382537170212693,4.083337046242498,-3.595686302838244,0.23543099,4.3677177,-3.8968556
231.0,-0.106186554,2.8938134,-3.1061866,-0.7660850839516027,3.0734265905887685,-4.6055967584919735,-0.96343184,3.4060268,-5.3328905
232.0,-1.756195,1.243805,-4.756195,-2.065770211970565,1.7737414625698058,-5.905281886510936,-2.2141325,2.050892,-6.4791574
233.0,-2.9252996,0.074700356,-5.9252996,-3.2814190789424225,0.5580925955979485,-7.120930753482794,-3.4438841,0.7151773,-7.6029453
234.0,-4.195892,-1.1958919,-7.195892,-4.027020853483439,-0.18750917894306784,-7.86653252802381,-3.9843447,0.2169478,-8.185637
235.0,-5.59901,-2.59901,-8.59901,-4.0468863467589715,-0.2073746722186005,-7.8863980212993425,-3.8484428,0.3984406,-8.095326
236.0,-5.3999705,-2.3999705,-8.399971,-3.3114837699839472,0.5280279045564238,-7.150995444524318,-3.0683231,1.3572483,-7.4938946
237.0,-3.0738208,-0.07382083,-6.073821,-2.0300978607019893,1.8094138138383817,-5.86960953524236,-2.0473175,2.2453642,-6.339999
238.0,-2.0646966,0.93530345,-5.0646963,-0.575389770294215,3.264121904246156,-4.414901444834586,-0.72635204,3.4437864,-4.8964906
239.0,0.023305107,3.0233052,-2.9766948,0.6516087080475599,4.491120382587931,-3.1879029664928114,0.6013544,4.6394334,-3.4367244
240.0,-0.8043601,2.1956398,-3.8043602,1.3649603876454799,5.204472062185851,-2.474551286894891,1.3552057,5.5906267,-2.8802156
241.0,1.1893688,4.1893687,-1.8106312,1.4915593477898963,5.331071022330267,-2.347952326750475,1.5166912,5.8622403,-2.828858
242.0,2.2069983,5.2069983,-0.79300165,1.186527507615188,5.026039182155559,-2.652984166925183,1.1561908,5.4999003,-3.1875186
243.0,2.3371577,5.3371577,-0.6628423,0.7611781173549381,4.600689791895309,-3.0783335571854327,0.6056901,4.91967,-3.70829
244.0,1.5162588,4.5162587,-1.4837412,0.5518645970254749,4.3913762715658455,-3.287647077514896,0.49367633,4.7031326,-3.71578
245.0,1.9903365,4.9903364,-1.0096635,0.7805791626944947,4.620090837234866,-3.0589325118458763,0.70580184,4.9480586,-3.5364547
246.0,2.344894,5.344894,-0.65510607,1.4612343392611835,5.300746013801555,-2.3782773352791873,1.5165024,5.7545443,-2.7215395
247.0,2.59636,5.59636,-0.40364003,2.3879854042641426,6.227497078804514,-1.4515262702762284,2.5880141,6.8939776,-1.7179494
248.0,3.6180456,6.618046,0.61804557,3.21045428409711,7.049965958637481,-0.6290573904432608,3.58766,7.96317,-0.78785014
249.0,4.8597865,7.8597865,1.8597865,3.567334962676602,7.406846637216973,-0.2721767118637688,3.8361142,8.306422,-0.63419414
250.0,4.120985,7.120985,1.120985,3.22736311640088,7.066874790941251,-0.612148558139491,3.5437996,7.9055967,-0.8179977
251.0,3.307748,6.307748,0.30774808,2.1836169267997527,6.023128601340124,-1.6558947477406183,2.4177918,6.5808473,-1.7452636
252.0,1.8133384,4.8133383,-1.1866616,0.6647554125206764,4.504267087061048,-3.1747562620196947,0.76886594,5.128593,-3.5908608
253.0,0.04055579,3.0405557,-2.9594443,-0.941638794111322,2.8978728804290492,-4.781150468651693,-0.98128635,3.2211535,-5.1837263
254.0,-0.032552075,2.967448,-3.032552,-2.225002925263099,1.614508749277272,-6.06451459980347,-2.0886807,2.1053734,-6.282735
255.0,-1.8532381,1.1467619,-4.853238,-2.895858114623008,0.943653559917363,-6.735369789163379,-2.6431684,1.5715523,-6.857889
256.0,-1.5288687,1.4711313,-4.5288687,-2.883768671576708,0.9557430029636631,-6.723280346117079,-2.6083062,1.6617515,-6.8783636
257.0,-0.87114626,2.1288538,-3.8711462,-2.3525707630250197,1.4869409115153513,-6.192082437565391,-2.112978,2.1991153,-6.4250712
258.0,-1.4052502,1.5947498,-4.40525,-1.6277885174981803,2.211723157042191,-5.467300192038551,-1.5985072,2.7342927,-5.931307
259.0,-1.1892171,1.8107829,-4.189217,-1.0645898281140347,2.774921846426336,-4.904101502654406,-1.2126908,2.9393768,-5.3647585
260.0,-0.19837481,2.8016253,-3.1983747,-0.9072028094032625,2.9323088651371085,-4.7467144839436335,-1.1556542,3.0809906,-5.3922987
261.0,-1.1315001,1.8684999,-4.1315002,-1.1938001505430662,2.6457115239973046,-5.033311825083437,-1.5389014,2.7345018,-5.8123045
262.0,-1.0781665,1.9218335,-4.0781665,-1.7432972861684561,2.096214388371915,-5.582808960708827,-2.1703682,2.1545267,-6.495263
263.0,-1.5612433,1.4387567,-4.561243,-2.2290203631326637,1.6104913114077073,-6.068532037673035,-2.6698263,1.6190059,-6.958658
264.0,-2.2129388,0.7870612,-5.212939,-2.3108223545896585,1.5286893199507126,-6.150334029130029,-2.6013505,1.7825534,-6.9852543
265.0,-2.4141252,0.5858748,-5.4141254,-1.7747231167166435,2.0647885578237277,-5.614234791257014,-2.041023,2.326935,-6.4089813
266.0,-0.51203823,2.4879618,-3.5120382,-0.6261242511261466,3.2133874234142246,-4.4656359256665175,-0.9468755,3.3151379,-5.208889
267.0,0.8113839,3.811384,-2.188616,0.8997270074772936,4.739238682017665,-2.939784667063077,0.7582943,4.7892084,-3.27262
268.0,2.9311304,5.9311304,-0.06886959,2.414808739144323,6.2543204136846935,-1.424702935396048,2.6444526,6.794998,-1.506093
269.0,4.493436,7.493436,1.4934359,3.514295635864203,7.353807310404574,-0.3252160386761682,3.7903214,8.177605,-0.596962
270.0,4.4215302,7.4215302,1.4215302,3.9202626510781697,7.75977432561854,0.08075097653779872,3.9799821,8.477986,-0.5180223
271.0,3.7778015,6.7778015,0.7778015,3.57891792715503,7.418429601695401,-0.2605937473853408,3.667182,7.9837933,-0.6494293
272.0,1.9211643,4.9211645,-1.0788357,2.6747859562012044,6.514297630741575,-1.1647257183391666,2.8154013,6.911275,-1.2804725
273.0,1.4970514,4.4970512,-1.5029486,1.5568236765577352,5.396335351098106,-2.2826879979826358,1.6710609,5.7259555,-2.3838334
274.0,1.7340596,4.7340593,-1.2659404,0.6049039488220592,4.44441562336243,-3.2346077257183117,0.7739781,4.837637,-3.2896805
275.0,1.4412231,4.441223,-1.5587769,0.08767964305591867,3.92719131759629,-3.751832031484452,0.30451447,4.4011016,-3.7920728
276.0,1.5105461,4.510546,-1.4894539,0.06593335036683405,3.905445024907205,-3.773578324173537,0.2635726,4.22855,-3.7014046
277.0,2.5240314,5.5240316,-0.4759686,0.37795486763545266,4.217466542175823,-3.4615568069049183,0.5787464,4.6790175,-3.521525
278.0,2.3984976,5.3984976,-0.6015024,0.7119917594770099,4.551503434017381,-3.127519915063361,0.8600842,4.90464,-3.184472
279.0,2.6192656,5.6192656,-0.38073444,0.7374281132477919,4.576939787788163,-3.102083561292579,0.84208256,4.9639754,-3.2798104
280.0,1.2538403,4.2538404,-1.7461597,0.24382537170212676,4.083337046242498,-3.5956863028382444,0.22669695,4.4305964,-3.9772024
281.0,0.9681341,3.9681342,-2.0318658,-0.7660850839516028,3.073426590588768,-4.6055967584919735,-1.069629,3.2076604,-5.346918
282.0,-0.767382,2.2326179,-3.7673821,-2.065770211970565,1.7737414625698058,-5.905281886510936,-2.2913659,1.9868944,-6.569626
283.0,-2.2871718,0.71282816,-5.287172,-3.2814190789424225,0.5580925955979485,-7.120930753482794,-3.336585,0.9225769,-7.595747
284.0,-4.072397,-1.0723972,-7.072397,-4.027020853483439,-0.18750917894306784,-7.86653252802381,-3.8905356,0.3547566,-8.135828
285.0,-4.5644946,-1.5644946,-7.5644946,-4.0468863467589715,-0.2073746722186005,-7.8863980212993425,-3.9103856,0.33147287,-8.152245
286.0,-3.6719158,-0.67191577,-6.671916,-3.311483769983947,0.5280279045564242,-7.150995444524318,-3.2796214,0.9389951,-7.4982376
287.0,-2.043174,0.956826,-5.043174,-2.0300978607019893,1.8094138138383817,-5.86960953524236,-2.1872857,2.111626,-6.4861975
288.0,-1.0315892,1.9684108,-4.031589,-0.575389770294215,3.264121904246156,-4.414901444834586,-0.89300656,3.2789218,-5.0649347
289.0,0.47989097,3.479891,-2.520109,0.6516087080475599,4.491120382587931,-3.1879029664928114,0.46806645,4.533512,-3.597379
290.0,1.0892907,4.0892906,-1.9107093,1.3649603876454799,5.204472062185851,-2.474551286894891,1.3247558,5.5049663,-2.855455
291.0,1.9095471,4.909547,-1.0904529,1.4915593477898963,5.331071022330267,-2.347952326750475,1.4607968,5.6958942,-2.7743006
292.0,1.1374865,4.1374865,-1.8625135,1.186527507615188,5.026039182155559,-2.652984166925183,1.1305836,5.289551,-3.0283833
293.0,0.8297975,3.8297975,-2.1702025,0.7611781173549381,4.600689791895309,-3.0783335571854327,0.6531689,4.789403,-3.483065
294.0,1.5281531,4.528153,-1.4718469,0.5518645970254749,4.3913762715658455,-3.287647077514896,0.38611883,4.5125294,-3.7402916
295.0,1.1779802,4.1779804,-1.8220198,0.7805791626944947,4.620090837234866,-3.0589325118458763,0.6395128,4.85653,-3.5775044
296.0,3.1072254,6.1072254,0.10722542,1.4612343392611835,5.300746013801555,-2.3782773352791873,1.4638686,5.6423726,-2.7146354
297.0,2.8814692,5.8814692,-0.11853075,2.3879854042641426,6.227497078804514,-1.4515262702762284,2.6041625,6.876257,-1.6679323
298.0,4.373788,7.373788,1.3737879,3.21045428409711,7.049965958637481,-0.6290573904432608,3.5630512,7.94378,-0.8176775
299.0,4.5692005,7.5692005,1.5692005,3.567334962676602,7.406846637216973,-0.2721767118637688,3.7845197,8.396549,-0.82751036
300.0,3.6861353,6.6861353,0.6861353,3.22736311640088,7.066874790941251,-0.612148558139491,3.433014,7.829206,-0.96317816
301.0,2.9583776,5.958378,-0.0416224,2.1836169267997403,6.023128601340112,-1.6558947477406307,2.273707,6.5836473,-2.0362334
302.0,0.38496098,3.384961,-2.615039,0.6647554125206684,4.50426708706104,-3.1747562620197027,0.65334684,4.987287,-3.6805933
303.0,-0.79940456,2.2005954,-3.7994046,-0.9416387941113279,2.897872880429043,-4.781150468651699,-1.0167618,3.1993446,-5.232868
304.0,-1.6444359,1.3555641,-4.644436,-2.225002925263103,1.614508749277268,-6.0645145998034735,-2.1719632,1.990386,-6.3343124
305.0,-2.3021219,0.6978781,-5.302122,-2.895858114623011,0.9436535599173599,-6.735369789163382,-2.7262757,1.4863436,-6.938895
306.0,-3.2889245,-0.28892446,-6.288924,-2.8837686715767097,0.9557430029636613,-6.723280346117081,-2.530925,1.796582,-6.858432
307.0,-2.0022824,0.9977176,-5.002282,-2.352570763025021,1.48694091151535,-6.192082437565392,-2.1208253,2.107059,-6.3487096
308.0,-0.95007086,2.0499291,-3.9500709,-1.6277885174981812,2.21172315704219,-5.467300192038552,-1.6079901,2.5511465,-5.767127
309.0,-0.56892043,2.4310796,-3.5689204,-1.0645898281140351,2.774921846426336,-4.904101502654406,-1.2724777,2.789947,-5.3349023
310.0,-1.1388086,1.8611914,-4.1388087,-0.9072028094032627,2.9323088651371085,-4.7467144839436335,-1.2111604,2.9683115,-5.3906326
311.0,-0.6806226,2.3193774,-3.6806226,-1.1938001505430664,2.6457115239973046,-5.033311825083437,-1.5526623,2.749391,-5.854716
312.0,-2.1465013,0.8534987,-5.1465015,-1.7432972861684561,2.096214388371915,-5.582808960708827,-2.204549,2.0623071,-6.471405
313.0,-2.0853474,0.9146526,-5.085347,-2.2290203631326637,1.6104913114077073,-6.068532037673035,-2.6193473,1.7397487,-6.978443
314.0,-3.2713873,-0.27138734,-6.271387,-2.3108223545896585,1.5286893199507126,-6.150334029130029,-2.6627598,1.670733,-6.9962525
315.0,-1.91906,1.08094,-4.9190598,-1.7747231167166435,2.0647885578237277,-5.614234791257014,-2.097544,2.2402723,-6.43536
316.0,0.37076285,3.3707628,-2.6292372,-0.6261242511261466,3.2133874234142246,-4.4656359256665175,-1.0389752,3.2297387,-5.307689
317.0,1.0897164,4.0897164,-1.9102836,0.8997270074772936,4.739238682017665,-2.939784667063077,0.72942626,4.8102455,-3.3513927
318.0,2.3272655,5.3272657,-0.6727345,2.414808739144323,6.2543204136846935,-1.424702935396048,2.5703099,6.7155685,-1.5749485
319.0,3.2962859,6.2962856,0.29628587,3.514295635864203,7.353807310404574,-0.3252160386761682,3.693889,8.048261,-0.6604831
320.0,3.9915643,6.9915643,0.9915643,3.9202626510781697,7.75977432561854,0.08075097653779872,4.005198,8.5372715,-0.526876
321.0,2.9820013,5.9820013,-0.017998695,3.57891792715503,7.418429601695401,-0.2605937473853408,3.7466834,8.118234,-0.6248667
322.0,1.6909707,4.6909704,-1.3090293,2.6747859562012044,6.514297630741575,-1.1647257183391666,2.8933034,6.9474196,-1.1608129
323.0,0.7238161,3.7238162,-2.2761838,1.5568236765577352,5.396335351098106,-2.2826879979826358,1.7540413,5.817365,-2.3092828
324.0,-0.2583534,2.7416465,-3.2583535,0.6049039488220592,4.44441562336243,-3.2346077257183117,0.7496693,4.905058,-3.4057195
325.0,-0.20814407,2.7918558,-3.2081442,0.08767964305591867,3.92719131759629,-3.751832031484452,0.34869826,4.5156927,-3.8182964
326.0,0.22772156,3.2277215,-2.7722785,0.06593335036682627,3.9054450249071975,-3.7735783241735446,0.38560486,4.544923,-3.773713
327.0,0.12120846,3.1212084,-2.8787916,0.37795486763544767,4.217466542175819,-3.461556806904923,0.6857818,4.7129455,-3.3413818
328.0,0.35055345,3.3505535,-2.6494465,0.7119917594770062,4.551503434017377,-3.127519915063365,1.0096799,5.2435136,-3.224154
329.0,-0.08174948,2.9182506,-3.0817494,0.7374281132477896,4.57693978778816,-3.1020835612925817,1.0127946,5.2176228,-3.1920338
330.0,-0.92869294,2.0713072,-3.9286928,0.24382537170212515,4.083337046242496,-3.5956863028382458,0.3972755,4.6856446,-3.8910937
331.0,-1.2946552,1.7053448,-4.2946553,-0.7660850839516038,3.073426590588767,-4.605596758491975,-0.94049054,3.2594392,-5.1404204
332.0,-1.6465627,1.3534373,-4.6465626,-2.065770211970566,1.773741462569805,-5.905281886510937,-2.3306348,1.8851511,-6.546421
333.0,-3.9286277,-0.9286277,-6.928628,-3.281419078942423,0.5580925955979481,-7.120930753482794,-3.481632,0.6894777,-7.6527414
334.0,-5.6935534,-2.6935534,-8.693554,-4.027020853483441,-0.18750917894306962,-7.866532528023812,-4.030251,0.1810298,-8.241531
335.0,-5.6945634,-2.6945634,-8.694563,-4.046886346758972,-0.2073746722186014,-7.886398021299343,-3.9490244,0.2989862,-8.197035
336.0,-4.593723,-1.5937228,-7.593723,-3.3114837699839472,0.5280279045564238,-7.150995444524318,-3.2436428,1.0257564,-7.513042
337.0,-3.0661876,-0.06618762,-6.066188,-2.0300978607019897,1.8094138138383813,-5.869609535242361,-2.198878,2.1977417,-6.595498
338.0,-1.6538827,1.3461173,-4.653883,-0.5753897702942153,3.2641219042461556,-4.4149014448345865,-0.81588024,3.428823,-5.0605836
339.0,0.007530152,3.0075302,-2.9924698,0.6516087080475598,4.491120382587931,-3.1879029664928114,0.4576618,4.6613564,-3.746033
340.0,1.8850169,4.885017,-1.1149831,1.3649603876454799,5.204472062185851,-2.474551286894891,1.219937,5.479979,-3.0401053
341.0,-0.28492075,2.7150793,-3.2849207,1.491559347789896,5.331071022330267,-2.347952326750475,1.2974364,5.6144204,-3.019548
342.0,-1.3739891,1.6260109,-4.373989,1.1865275076151875,5.026039182155559,-2.6529841669251835,0.96060747,5.220664,-3.299449
343.0,-1.5578274,1.4421726,-4.5578275,0.7611781173549379,4.600689791895309,-3.078333557185433,0.4916621,4.728834,-3.74551
344.0,-0.7940317,2.2059684,-3.7940316,0.5518645970254746,4.3913762715658455,-3.2876470775148965,0.26951396,4.4907403,-3.9517121
345.0,0.9689804,3.9689803,-2.0310197,0.7805791626944945,4.620090837234866,-3.0589325118458763,0.54865247,4.673705,-3.5764
346.0,0.8237236,3.8237236,-2.1762764,1.4612343392611833,5.300746013801554,-2.3782773352791877,1.4162207,5.4802127,-2.6477714
347.0,1.4638953,4.4638953,-1.5361047,2.3879854042641426,6.227497078804514,-1.4515262702762284,2.5069942,6.7726426,-1.7586541
348.0,4.2094297,7.2094297,1.2094297,3.21045428409711,7.049965958637481,-0.6290573904432608,3.4903336,7.873178,-0.8925109
349.0,3.3318214,6.3318214,0.33182144,3.567334962676602,7.406846637216973,-0.2721767118637688,3.7735496,8.306746,-0.75964594
350.0,2.7678685,5.7678685,-0.23213148,3.22736311640088,7.066874790941251,-0.612148558139491,3.4418328,7.9214973,-1.0378315
351.0,0.22929451,3.2292945,-2.7707055,2.183616926799749,6.023128601340121,-1.6558947477406218,2.3131087,6.66749,-2.0412729
352.0,-0.7107835,2.2892165,-3.7107835,0.664755412520674,4.504267087061045,-3.174756262019697,0.6448435,4.817752,-3.5280647
353.0,-1.7857977,1.2142023,-4.7857976,-0.9416387941113238,2.8978728804290474,-4.781150468651695,-1.139602,3.0220358,-5.30124
354.0,-3.0654144,-0.06541443,-6.0654144,-2.2250029252631003,1.6145087492772707,-6.064514599803472,-2.340107,1.8143682,-6.494582
355.0,-3.4724314,-0.47243142,-6.472431,-2.8958581146230093,0.9436535599173617,-6.73536978916338,-2.814464,1.3993297,-7.028258
356.0,-2.4811664,0.51883364,-5.4811664,-2.883768671576709,0.9557430029636622,-6.72328034611708,-2.7027538,1.5829337,-6.9884415
357.0,-1.3440294,1.6559706,-4.3440294,-2.35257076302502,1.486940911515351,-6.192082437565391,-2.1973243,2.1101556,-6.504804
358.0,-0.427887,2.572113,-3.427887,-1.6277885174981805,2.2117231570421905,-5.467300192038552,-1.6029264,2.74644,-5.9522924
359.0,-0.104560405,2.8954396,-3.1045604,-1.0645898281140347,2.774921846426336,-4.904101502654406,-1.2204847,3.0712962,-5.5122657
360.0,-0.449173,2.550827,-3.449173,-0.9072028094032625,2.9323088651371085,-4.7467144839436335,-1.18608,3.0658736,-5.4380336
361.0,-1.2860554,1.7139446,-4.2860556,-1.1938001505430662,2.6457115239973046,-5.033311825083437,-1.564435,2.761219,-5.890089
362.0,-2.643297,0.35670304,-5.643297,-1.7432972861684561,2.096214388371915,-5.582808960708827,-2.0984137,2.3396933,-6.536521
363.0,-2.6925912,0.3074088,-5.692591,-2.2290203631326637,1.6104913114077073,-6.068532037673035,-2.6301541,1.6734004,-6.9337087
364.0,-3.8405588,-0.84055877,-6.840559,-2.3108223545896585,1.5286893199507126,-6.150334029130029,-2.5804234,1.8529272,-7.013774
365.0,-2.3647776,0.63522243,-5.3647776,-1.7747231167166435,2.0647885578237277,-5.614234791257014,-2.1029515,2.1887827,-6.3946857
366.0,-2.305623,0.69437695,-5.305623,-0.6261242511261466,3.2133874234142246,-4.4656359256665175,-1.0193542,3.1304145,-5.169123
367.0,-0.010960476,2.9890394,-3.0109606,0.8997270074772936,4.739238682017665,-2.939784667063077,0.6843818,4.699059,-3.3302953
368.0,0.73137534,3.7313752,-2.2686248,2.414808739144323,6.2543204136846935,-1.424702935396048,2.6774633,6.830126,-1.475199
369.0,2.1878796,5.1878796,-0.81212044,3.514295635864203,7.353807310404574,-0.3252160386761682,3.7345157,8.112719,-0.6436868
370.0,2.2700143,5.2700143,-0.7299857,3.9202626510781697,7.75977432561854,0.08075097653779872,4.0341763,8.623983,-0.55563116
371.0,2.2843826,5.284383,-0.7156174,3.57891792715503,7.418429601695401,-0.2605937473853408,3.7698789,8.177626,-0.6378684
372.0,1.1461049,4.146105,-1.8538951,2.6747859562012044,6.514297630741575,-1.1647257183391666,2.9282522,7.1797404,-1.323236
373.0,-0.5354783,2.4645216,-3.5354784,1.5568236765577352,5.396335351098106,-2.2826879979826358,1.762114,5.801519,-2.2772908
374.0,-0.69002205,2.309978,-3.690022,0.6049039488220592,4.44441562336243,-3.2346077257183117,0.8070995,5.0170527,-3.4028537
375.0,-0.77250654,2.2274935,-3.7725065,0.08767964305591867,3.92719131759629,-3.751832031484452,0.38430437,4.4949756,-3.7263668
376.0,-0.47294804,2.527052,-3.472948,0.0659333503668326,3.9054450249072037,-3.7735783241735383,0.41504574,4.5494776,-3.719386
377.0,0.53076154,3.5307615,-2.4692385,0.3779548676354517,4.217466542175822,-3.461556806904919,0.6925194,4.7649155,-3.3798769
378.0,1.1667624,4.1667624,-1.8332376,0.7119917594770091,4.551503434017381,-3.127519915063362,0.97255045,5.103254,-3.158153
379.0,0.99259174,3.9925919,-2.0074081,0.7374281132477915,4.576939787788162,-3.1020835612925794,0.9615368,5.151731,-3.2286572
380.0,-0.1412269,2.858773,-3.141227,0.2438253717021265,4.083337046242497,-3.5956863028382444,0.31219888,4.4448643,-3.8204663
381.0,-0.94768107,2.052319,-3.947681,-0.7660850839516029,3.073426590588768,-4.6055967584919735,-0.94506407,3.2603693,-5.1504974
382.0,-2.2004898,0.79951024,-5.20049,-2.065770211970565,1.7737414625698058,-5.905281886510936,-2.4204037,1.7513549,-6.592162
383.0,-3.3111806,-0.3111806,-6.3111806,-3.2814190789424225,0.5580925955979485,-7.120930753482794,-3.4700747,0.71506596,-7.6552153
384.0,-3.4849503,-0.4849503,-6.48495,-4.027020853483439,-0.18750917894306784,-7.86653252802381,-4.0445223,0.16543913,-8.254484
385.0,-4.506029,-1.5060291,-7.506029,-4.0468863467589715,-0.2073746722186005,-7.8863980212993425,-4.02347,0.22708511,-8.274025
386.0,-3.7457094,-0.7457094,-6.7457094,-3.311483769983947,0.5280279045564242,-7.150995444524318,-3.2720287,1.0254838,-7.569541
387.0,-1.3976371,1.6023629,-4.3976374,-2.0300978607019893,1.8094138138383817,-5.86960953524236,-2.1699173,2.1629689,-6.502804
388.0,0.3546597,3.3546598,-2.6453402,-0.575389770294215,3.264121904246156,-4.414901444834586,-0.8963088,3.4632387,-5.2558565
389.0,1.0347022,4.0347023,-1.9652978,0.6516087080475599,4.491120382587931,-3.1879029664928114,0.42385226,4.5642395,-3.7165349
390.0,1.3945612,4.3945613,-1.6054388,1.3649603876454799,5.204472062185851,-2.474551286894891,1.2292855,5.463604,-3.0050333
391.0,2.2065363,5.2065363,-0.7934637,1.4915593477898963,5.331071022330267,-2.347952326750475,1.3735075,5.615983,-2.868968
392.0,1.4585611,4.458561,-1.5414389,1.186527507615188,5.026039182155559,-2.652984166925183,0.9789669,5.1788177,-3.220884
393.0,1.2623441,4.2623444,-1.7376559,0.7611781173549381,4.600689791895309,-3.0783335571854327,0.53904206,4.8219285,-3.7438445
394.0,0.11435534,3.1143553,-2.8856447,0.5518645970254749,4.3913762715658455,-3.287647077514896,0.2908817,4.4908347,-3.9090714
395.0,0.19721495,3.1972148,-2.8027852,0.7805791626944947,4.620090837234866,-3.0589325118458763,0.5528003,4.828292,-3.7226915
396.0,0.11498399,3.114984,-2.885016,1.4612343392611835,5.300746013801555,-2.3782773352791873,1.434849,5.6477785,-2.7780807
397.0,1.0193241,4.0193243,-1.9806759,2.3879854042641426,6.227497078804514,-1.4515262702762284,2.6231012,6.8577375,-1.6115351
398.0,2.0575523,5.0575523,-0.94244766,3.21045428409711,7.049965958637481,-0.6290573904432608,3.5553524,7.9052896,-0.794585
399.0,3.7486024,6.7486024,0.7486024,3.567334962676602,7.406846637216973,-0.2721767118637688,3.8252497,8.368124,-0.71762466
400.0,2.6543524,5.654352,-0.34564757,3.22736311640088,7.066874790941251,-0.612148558139491,3.5455117,7.944647,-0.8536234
401.0,2.376229,5.3762293,-0.62377095,2.1836169267997296,6.023128601340101,-1.6558947477406414,2.436649,6.531436,-1.6581376
402.0,0.9638812,3.9638813,-2.0361187,0.6647554125206616,4.504267087061033,-3.1747562620197094,0.6899148,4.8642693,-3.4844398
403.0,-0.26045644,2.7395434,-3.2604566,-0.9416387941113328,2.897872880429038,-4.7811504686517035,-1.0821649,3.0542135,-5.218543
404.0,-1.5631765,1.4368235,-4.5631766,-2.225002925263106,1.614508749277265,-6.064514599803477,-2.2343853,1.9153426,-6.3841133
405.0,-2.0522954,0.94770455,-5.0522957,-2.8958581146230133,0.9436535599173577,-6.735369789163384,-2.6838932,1.5885258,-6.956312
406.0,-3.2381637,-0.23816371,-6.238164,-2.8837686715767115,0.9557430029636595,-6.7232803461170825,-2.6548634,1.611268,-6.9209948
407.0,-3.075631,-0.0756309,-6.075631,-2.3525707630250223,1.4869409115153487,-6.192082437565393,-2.1647983,2.1571417,-6.486738
408.0,-2.3253937,0.6746063,-5.3253937,-1.627788517498182,2.211723157042189,-5.467300192038553,-1.540119,2.8821306,-5.962369
409.0,-0.680674,2.319326,-3.680674,-1.0645898281140358,2.774921846426335,-4.904101502654407,-1.1869164,3.191802,-5.5656347
410.0,-1.1869222,1.8130778,-4.186922,-0.9072028094032631,2.9323088651371076,-4.746714483943634,-1.1797649,3.1453261,-5.5048556
411.0,-1.637817,1.362183,-4.637817,-1.1938001505430667,2.6457115239973046,-5.033311825083437,-1.5551041,2.8783998,-5.9886084
412.0,-1.0836048,1.9163952,-4.083605,-1.7432972861684561,2.096214388371915,-5.582808960708827,-2.05752,2.454729,-6.569769
413.0,-0.7956587,2.2043414,-3.7956586,-2.2290203631326637,1.6104913114077073,-6.068532037673035,-2.522599,1.8565447,-6.901743
414.0,-1.9359901,1.0640099,-4.9359903,-2.3108223545896585,1.5286893199507126,-6.150334029130029,-2.5363307,1.8591638,-6.931825
415.0,-1.4879246,1.5120754,-4.4879246,-1.7747231167166435,2.0647885578237277,-5.614234791257014,-1.9650602,2.4222493,-6.35237
416.0,-0.7865425,2.2134576,-3.7865424,-0.6261242511261466,3.2133874234142246,-4.4656359256665175,-0.9225489,3.2507339,-5.0958314
417.0,1.798245,4.798245,-1.201755,0.8997270074772936,4.739238682017665,-2.939784667063077,0.7600543,4.8328567,-3.3127482
418.0,3.081672,6.0816717,0.08167195,2.414808739144323,6.2543204136846935,-1.424702935396048,2.6036117,6.788213,-1.5809891
419.0,3.5586197,6.5586195,0.55861974,3.514295635864203,7.353807310404574,-0.3252160386761682,3.6870565,8.193947,-0.81983376
420.0,4.780698,7.780698,1.7806978,3.9202626510781697,7.75977432561854,0.08075097653779872,3.9927766,8.583269,-0.5977156
421.0,3.5417256,6.5417256,0.54172564,3.57891792715503,7.418429601695401,-0.2605937473853408,3.7427883,8.313901,-0.8283243
422.0,3.0671356,6.067136,0.06713557,2.6747859562012044,6.514297630741575,-1.1647257183391666,2.8880599,7.0086174,-1.2324975
423.0,1.0234425,4.0234423,-1.9765575,1.5568236765577352,5.396335351098106,-2.2826879979826358,1.7016469,5.784998,-2.3817043
424.0,0.09546362,3.0954635,-2.9045365,0.6049039488220592,4.44441562336243,-3.2346077257183117,0.7503484,4.9673095,-3.4666126
425.0,-0.124211274,2.8757887,-3.1242113,0.08767964305591867,3.92719131759629,-3.751832031484452,0.26408505,4.4194956,-3.8913257
426.0,-0.13620044,2.8637996,-3.1362004,0.06593335036683892,3.90544502490721,-3.773578324173532,0.37785578,4.5029964,-3.747285
427.0,-0.41560143,2.5843985,-3.4156015,0.37795486763545577,4.217466542175827,-3.461556806904915,0.6998761,4.7899537,-3.3902013
428.0,-0.087205976,2.912794,-3.087206,0.711991759477012,4.551503434017383,-3.127519915063359,1.0189693,5.235649,-3.1977108
429.0,-0.1117175,2.8882825,-3.1117175,0.7374281132477932,4.576939787788164,-3.1020835612925777,0.9682201,5.0406837,-3.1042433
430.0,-1.2234337,1.7765663,-4.2234335,0.2438253717021278,4.083337046242499,-3.595686302838243,0.29214048,4.390692,-3.8064113
431.0,-2.5728195,0.42718053,-5.5728197,-0.766085083951602,3.073426590588769,-4.6055967584919735,-0.9624036,3.320729,-5.2455363
432.0,-1.5879729,1.4120271,-4.5879726,-2.0657702119705643,1.7737414625698067,-5.905281886510935,-2.326554,1.8967111,-6.549819
433.0,-3.7352986,-0.73529863,-6.7352986,-3.281419078942422,0.558092595597949,-7.120930753482793,-3.4890568,0.6985557,-7.676669
434.0,-4.9840274,-1.9840274,-7.9840274,-4.027020853483439,-0.18750917894306784,-7.86653252802381,-3.8901374,0.36058402,-8.140859
435.0,-4.990438,-1.990438,-7.990438,-4.0468863467589715,-0.2073746722186005,-7.8863980212993425,-3.9294672,0.32370758,-8.182642
436.0,-4.31332,-1.3133202,-7.31332,-3.311483769983947,0.5280279045564242,-7.150995444524318,-3.256735,0.9564254,-7.4698954
437.0,-2.5400038,0.45999622,-5.540004,-2.0300978607019893,1.8094138138383817,-5.86960953524236,-2.1013162,2.2094052,-6.412038
438.0,-1.484387,1.515613,-4.484387,-0.575389770294215,3.264121904246156,-4.414901444834586,-0.80819166,3.3593354,-4.975719
439.0,0.09422329,3.0942233,-2.9057767,0.6516087080475599,4.491120382587931,-3.1879029664928114,0.46543398,4.505833,-3.574965
440.0,0.885594,3.885594,-2.114406,1.3649603876454799,5.204472062185851,-2.474551286894891,1.3354114,5.3751035,-2.7042804
441.0,1.056037,4.056037,-1.943963,1.4915593477898963,5.331071022330267,-2.347952326750475,1.4324791,5.7674236,-2.902465
442.0,0.6484416,3.6484416,-2.3515584,1.186527507615188,5.026039182155559,-2.652984166925183,1.1114779,5.297102,-3.0741463
443.0,0.6340476,3.6340475,-2.3659525,0.7611781173549381,4.600689791895309,-3.0783335571854327,0.6209324,4.7287283,-3.4868634
444.0,1.1737053,4.173705,-1.8262947,0.5518645970254749,4.3913762715658455,-3.287647077514896,0.39939848,4.599705,-3.8009083
445.0,2.9047,5.9047003,-0.09529996,0.7805791626944947,4.620090837234866,-3.0589325118458763,0.6236293,4.7265096,-3.4792511
446.0,2.2622273,5.262227,-0.7377727,1.4612343392611835,5.300746013801555,-2.3782773352791873,1.4592868,5.618239,-2.6996655
447.0,2.6524386,5.6524386,-0.34756136,2.3879854042641426,6.227497078804514,-1.4515262702762284,2.6077898,6.864422,-1.6488421
448.0,3.2905905,6.2905903,0.29059052,3.21045428409711,7.049965958637481,-0.6290573904432608,3.558376,8.025598,-0.90884566
449.0,3.0770154,6.0770154,0.0770154,3.567334962676602,7.406846637216973,-0.2721767118637688,3.6884615,8.280234,-0.9033115
450.0,3.825659,6.825659,0.82565904,3.22736311640088,7.066874790941251,-0.612148558139491,3.408125,7.8639154,-1.0476656
451.0,3.5096838,6.5096836,0.50968385,2.1836169267997243,6.023128601340096,-1.6558947477406467,2.2200606,6.520793,-2.080672
452.0,3.3790493,6.3790493,0.3790493,0.6647554125206582,4.504267087061029,-3.174756262019713,0.6508223,5.020146,-3.7185016
453.0,-0.2528807,2.7471194,-3.2528806,-0.9416387941113352,2.897872880429036,-4.781150468651706,-0.9101936,3.307391,-5.127778
454.0,-1.3155868,1.6844132,-4.315587,-2.2250029252631074,1.6145087492772636,-6.064514599803479,-2.016035,2.1302834,-6.1623535
455.0,-1.0583835,1.9416165,-4.0583835,-2.8958581146230142,0.9436535599173568,-6.735369789163386,-2.628965,1.5379152,-6.795845
456.0,-1.4183578,1.5816422,-4.418358,-2.883768671576712,0.9557430029636591,-6.7232803461170825,-2.5949178,1.6770077,-6.866843
457.0,-0.3052577,2.6947422,-3.3052578,-2.3525707630250228,1.4869409115153482,-6.192082437565394,-2.1230342,2.1482728,-6.3943415
458.0,0.08678505,3.086785,-2.913215,-1.627788517498182,2.211723157042189,-5.467300192038553,-1.5943831,2.5463123,-5.735079
459.0,-0.4273216,2.5726783,-3.4273217,-1.0645898281140358,2.774921846426335,-4.904101502654407,-1.2292422,2.910657,-5.3691416
460.0,0.19866666,3.1986666,-2.8013334,-0.9072028094032631,2.9323088651371076,-4.746714483943634,-1.1906205,3.022006,-5.403247
461.0,-1.1289923,1.8710077,-4.128992,-1.1938001505430667,2.6457115239973046,-5.033311825083437,-1.6336228,2.5540233,-5.8212686
462.0,-1.469006,1.530994,-4.469006,-1.7432972861684561,2.096214388371915,-5.582808960708827,-2.2629952,2.0199518,-6.5459423
463.0,-2.6651814,0.3348186,-5.665181,-2.2290203631326637,1.6104913114077073,-6.068532037673035,-2.680634,1.6351271,-6.996395
464.0,-2.6886353,0.31136465,-5.6886353,-2.3108223545896585,1.5286893199507126,-6.150334029130029,-2.678637,1.70438,-7.061654
465.0,-2.3531647,0.6468353,-5.3531647,-1.7747231167166435,2.0647885578237277,-5.614234791257014,-2.1006978,2.1905997,-6.3919954
466.0,-0.8516181,2.148382,-3.851618,-0.6261242511261466,3.2133874234142246,-4.4656359256665175,-1.0254538,3.3022501,-5.353158
467.0,-0.6485514,2.3514485,-3.6485515,0.8997270074772936,4.739238682017665,-2.939784667063077,0.7392792,4.795766,-3.3172073
468.0,0.31900513,3.319005,-2.680995,2.414808739144323,6.2543204136846935,-1.424702935396048,2.557943,6.703944,-1.5880578
469.0,1.0074047,4.007405,-1.9925953,3.514295635864203,7.353807310404574,-0.3252160386761682,3.7821085,8.157804,-0.5935867
470.0,2.7100356,5.7100353,-0.28996444,3.9202626510781697,7.75977432561854,0.08075097653779872,4.009582,8.569822,-0.5506587
471.0,3.2685008,6.268501,0.2685008,3.57891792715503,7.418429601695401,-0.2605937473853408,3.7844484,8.224594,-0.6556976
472.0,2.8497257,5.8497257,-0.15027428,2.6747859562012044,6.514297630741575,-1.1647257183391666,2.92924,7.0924044,-1.2339246
473.0,0.72605526,3.7260551,-2.2739449,1.5568236765577352,5.396335351098106,-2.2826879979826358,1.7884612,6.014298,-2.4373755
474.0,0.2606533,3.2606533,-2.7393467,0.6049039488220592,4.44441562336243,-3.2346077257183117,0.8262923,5.027482,-3.3748977
475.0,-1.2407893,1.7592107,-4.2407894,0.08767964305591867,3.92719131759629,-3.751832031484452,0.2676242,4.304087,-3.7688386
476.0,-0.584219,2.415781,-3.584219,0.06593335036683114,3.9054450249072024,-3.7735783241735397,0.3478502,4.576374,-3.8806734
477.0,0.3506937,3.3506937,-2.6493063,0.3779548676354508,4.2174665421758215,-3.46155680690492,0.7093423,4.9353976,-3.516713
478.0,0.97273535,3.9727354,-2.0272646,0.7119917594770085,4.55150343401738,-3.1275199150633624,1.0498141,5.385735,-3.2861066
479.0,1.3039286,4.3039284,-1.6960714,0.737428113247791,4.576939787788162,-3.10208356129258,1.0067159,5.268634,-3.2552023
480.0,0.24117115,3.2411711,-2.7588289,0.24382537170212626,4.083337046242497,-3.595686302838245,0.30015764,4.432743,-3.832428
481.0,-0.49235532,2.5076447,-3.4923553,-0.7660850839516031,3.0734265905887677,-4.605596758491974,-0.98187685,3.2797904,-5.243544
482.0,-1.2901168,1.7098832,-4.290117,-2.065770211970565,1.7737414625698058,-5.905281886510936,-2.2184932,2.0674899,-6.5044765
483.0,-2.4553792,0.54462075,-5.4553795,-3.2814190789424225,0.5580925955979485,-7.120930753482794,-3.3903942,0.81878567,-7.599574
484.0,-3.512346,-0.512346,-6.5123463,-4.027020853483439,-0.18750917894306784,-7.86653252802381,-3.9501889,0.27621388,-8.176592
485.0,-2.6058087,0.39419127,-5.6058087,-4.0468863467589715,-0.2073746722186005,-7.8863980212993425,-3.8881652,0.38380647,-8.160137
486.0,-0.9738856,2.0261145,-3.9738855,-3.3114837699839472,0.5280279045564238,-7.150995444524318,-3.1291833,1.2152238,-7.4735904
487.0,0.48960203,3.489602,-2.510398,-2.0300978607019893,1.8094138138383817,-5.86960953524236,-1.9985752,2.349155,-6.3463054
488.0,1.2906893,4.2906895,-1.7093107,-0.575389770294215,3.264121904246156,-4.414901444834586,-0.71902484,3.4244158,-4.8624654
489.0,3.4174376,6.4174376,0.41743755,0.6516087080475599,4.491120382587931,-3.1879029664928114,0.55549014,4.652175,-3.541195
490.0,3.3472974,6.3472977,0.34729743,1.3649603876454799,5.204472062185851,-2.474551286894891,1.3770037,5.5255747,-2.7715673
491.0,3.0962455,6.096246,0.09624553,1.4915593477898963,5.331071022330267,-2.347952326750475,1.4530711,5.8465753,-2.940433
492.0,2.2103448,5.210345,-0.7896552,1.186527507615188,5.026039182155559,-2.652984166925183,1.0962334,5.344857,-3.1523905
493.0,1.7910513,4.7910514,-1.2089487,0.7611781173549381,4.600689791895309,-3.0783335571854327,0.5854021,4.7203364,-3.5495324
494.0,0.74254405,3.7425442,-2.2574558,0.5518645970254749,4.3913762715658455,-3.287647077514896,0.36621302,4.4970713,-3.7646453
495.0,-0.25668955,2.7433105,-3.2566895,0.7805791626944947,4.620090837234866,-3.0589325118458763,0.59989375,4.74515,-3.5453627
496.0,1.5141236,4.5141234,-1.4858764,1.4612343392611835,5.300746013801555,-2.3782773352791873,1.4898025,5.7468276,-2.767223
497.0,3.0325797,6.0325794,0.03257966,2.3879854042641426,6.227497078804514,-1.4515262702762284,2.475564,6.97883,-2.0277019
498.0,4.1607137,7.1607137,1.1607137,3.21045428409711,7.049965958637481,-0.6290573904432608,3.5528393,7.980715,-0.87503624
499.0,4.808474,7.808474,1.8084741,3.567334962676602,7.406846637216973,-0.2721767118637688,3.7653606,8.332957,-0.80223584
